系列,遭遇组,编号,卡牌名称,英文名称,类型,探险编号,图片链接,卡牌数量,探险进度,交战值,威胁值,攻击力,防御值,探险点数,生命值,意志值,特性,胜利,准备卡牌,放置一旁,关键字
穿越黑森林,,1,苍蝇与蜘蛛,Flies and Spiders,探险,1a,51223bd0-ffd1-11df-a976-0801200c9119,1,0,,,,,,,,,,森林蜘蛛|老密林路,,
穿越黑森林,,2,苍蝇与蜘蛛,Flies and Spiders,探险,1b,51223bd0-ffd1-11df-a976-0801200c9119.B,1,8,,,,,,,,,,,,
穿越黑森林,,3,分岔路,A Fork in the Road,探险,2a,51223bd0-ffd1-11df-a976-0801200c9121,1,0,,,,,,,,,,,,
穿越黑森林,,4,分岔路,A Fork in the Road,探险,2b,51223bd0-ffd1-11df-a976-0801200c9121.B,1,2,,,,,,,,,,,,
穿越黑森林,,5,所选之路,A Chosen Fath,探险,3a,51223bd0-ffd1-11df-a976-0801200c9123,1,0,,,,,,,,,,,,
穿越黑森林,,6,“千万不要离开正路！”,A Chosen Path (Don't Leave the Path),探险,3b,51223bd0-ffd1-11df-a976-0801200c9123.B,1,0,,,,,,,,,,,,
穿越黑森林,,7,贝奥恩之路,A Chosen Path (Beorn's Path),探险,3b,51223bd0-ffd1-11df-a976-0801200c9123.C,1,10,,,,,,,,,,,,
穿越黑森林,穿越黑森林,8,森林蜘蛛,Forest Spider,敌人,,51223bd0-ffd1-11df-a976-0801200c9096,4,,25,2,2,1,,4,,生物|蜘蛛,,,,
穿越黑森林,穿越黑森林,9,东林弯巡逻队,East Bight Patrol,敌人,,51223bd0-ffd1-11df-a976-0801200c9097,1,,5,3,3,1,,2,,奥克|半兽人,,,,
穿越黑森林,穿越黑森林,10,漆黑森林蝙蝠,Black Forest Bats,敌人,,51223bd0-ffd1-11df-a976-0801200c9098,1,,15,1,1,0,,2,,生物,,,,
穿越黑森林,穿越黑森林,11,老密林路,Old Forest Road,地区,,51223bd0-ffd1-11df-a976-0801200c9099,2,,,1,,,3,,,森林,,,,
穿越黑森林,穿越黑森林,12,森林之门,Forest Gate,地区,,51223bd0-ffd1-11df-a976-0801200c9100,2,,,2,,,4,,,森林,,,,
穿越黑森林,多古尔都兽人,13,多古尔都奥克,Dol Guldur Orcs,敌人,,51223bd0-ffd1-11df-a976-0801200c9089,3,,10,2,2,0,,3,,多古尔都|奥克,,,,
穿越黑森林,多古尔都兽人,14,乌夫沙克首领,Chieftan Ufthak,敌人,,51223bd0-ffd1-11df-a976-0801200c9090,1,,35,2,3,3,,6,,多古尔都|奥克,,,,
穿越黑森林,多古尔都兽人,15,多古尔都驯兽师,Dol Guldur Beastmaster,敌人,,51223bd0-ffd1-11df-a976-0801200c9091,2,,35,2,3,1,,5,,多古尔都|奥克,,,,
穿越黑森林,多古尔都兽人,16,魔影驱使,Driven by Shadow,诡计,,51223bd0-ffd1-11df-a976-0801200c9092,1,,,,,,,,,,,,,
穿越黑森林,多古尔都兽人,17,死灵法师之触,The Necromancer's Reach,诡计,,51223bd0-ffd1-11df-a976-0801200c9093,3,,,,,,,,,,,,,
穿越黑森林,多古尔都兽人,18,死灵法师的隘口,Necromancer's Pass,地区,,51223bd0-ffd1-11df-a976-0801200c9094,2,,,3,,,2,,,要塞|多古尔都,,,,
穿越黑森林,多古尔都兽人,19,魔法小溪,Enchanted Stream,地区,,51223bd0-ffd1-11df-a976-0801200c9095,2,,,2,,,2,,,森林,,,,
穿越黑森林,黑森林的蜘蛛,20,王蜘蛛,King Spider,敌人,,51223bd0-ffd1-11df-a976-0801200c9074,2,,20,2,3,1,,3,,生物|蜘蛛,,,,
穿越黑森林,黑森林的蜘蛛,21,蜇刺毒蜂,Hummerhorns,敌人,,51223bd0-ffd1-11df-a976-0801200c9075,1,,40,1,2,0,,3,,生物|昆虫,,,,
穿越黑森林,黑森林的蜘蛛,22,乌苟立安特的子嗣,Ungoliant's Spawn,敌人,,51223bd0-ffd1-11df-a976-0801200c9076,1,,32,3,5,2,,9,,生物|蜘蛛,,,,
穿越黑森林,黑森林的蜘蛛,23,密布蛛网的森林,Great Forest Web,地区,,51223bd0-ffd1-11df-a976-0801200c9077,2,,,2,,,2,,,森林,,,,
穿越黑森林,黑森林的蜘蛛,24,黑森林山脉,Mountains of Mirkwood,地区,,51223bd0-ffd1-11df-a976-0801200c9078,3,,,2,,,3,,,森林|山脉,,,,
穿越黑森林,黑森林的蜘蛛,25,森林中的眼睛,Eyes of the Forest,诡计,,51223bd0-ffd1-11df-a976-0801200c9079,1,,,,,,,,,,,,,
穿越黑森林,黑森林的蜘蛛,26,身限蛛网,Caught in a Web,诡计,,51223bd0-ffd1-11df-a976-0801200c9080,2,,,,,,,,,,,,,
沿河而下,荒野之地,27,狼骑兵,Misty Mountain Goblins,敌人,,51223bd0-ffd1-11df-a976-0801200c9081,1,,10,1,2,0,,2,,奥克|半兽人,,,,
沿河而下,荒野之地,28,山区食人妖,Hill Troll,敌人,,51223bd0-ffd1-11df-a976-0801200c9082,2,,30,1,6,3,,9,,食人妖,,,,
沿河而下,荒野之地,29,半兽人射手,Goblin Sniper,敌人,,51223bd0-ffd1-11df-a976-0801200c9083,2,,48,2,2,0,,2,,奥克|半兽人,,,,
沿河而下,荒野之地,30,沼泽蝰蛇,Marsh Adder,敌人,,51223bd0-ffd1-11df-a976-0801200c9084,1,,40,3,4,1,,7,,生物,,,,
沿河而下,荒野之地,31,座狼,Wargs,敌人,,51223bd0-ffd1-11df-a976-0801200c9085,2,,20,2,3,1,,3,,生物,,,,
沿河而下,荒野之地,32,陷入绝望,Despair,诡计,,51223bd0-ffd1-11df-a976-0801200c9086,2,,,,,,,,,,,,,
沿河而下,荒野之地,33,褐地,The Brown Lands,地区,,51223bd0-ffd1-11df-a976-0801200c9087,2,,,5,,,1,,,荒野,,,,
沿河而下,荒野之地,34,东林弯,The East Bight,地区,,51223bd0-ffd1-11df-a976-0801200c9088,2,,,1,,,6,,,荒野,,,,
沿河而下,,35,来到河边,To the River...,探险,1a,51223bd0-ffd1-11df-a976-0801200c9133,1,0,,,,,,,,,,@每位玩家翻遭遇牌库顶,,
沿河而下,,36,来到河边,To the River...,探险,1b,51223bd0-ffd1-11df-a976-0801200c9133.B,1,8,,,,,,,,,,,,
沿河而下,,37,安都因河的航程,Anduin Passage,探险,2a,51223bd0-ffd1-11df-a976-0801200c9135,1,0,,,,,,,,,,,,
沿河而下,,38,安都因河的航程,Anduin Passage,探险,2b,51223bd0-ffd1-11df-a976-0801200c9135.B,1,16,,,,,,,,,,,,
沿河而下,,39,岸上的伏击,Ambush on the Shore,探险,3a,51223bd0-ffd1-11df-a976-0801200c9137,1,0,,,,,,,,,,,,
沿河而下,,40,岸上的伏击,Ambush on the Shore,探险,3b,51223bd0-ffd1-11df-a976-0801200c9137.B,1,0,,,,,,,,,,,,
沿河而下,沿河而下,41,迷雾山脉半兽人,Misty Mountain Goblins,敌人,,51223bd0-ffd1-11df-a976-0801200c9111,3,,15,2,2,1,,3,,奥克|半兽人,,,,
沿河而下,沿河而下,42,夜幕中的集结,Massing at Night,诡计,,51223bd0-ffd1-11df-a976-0801200c9112,1,,,,,,,,,,,,,
沿河而下,沿河而下,43,安都因河岸,Banks of the Anduin,地区,,51223bd0-ffd1-11df-a976-0801200c9113,2,,,1,,,3,,,河岸,,,,
沿河而下,沿河而下,44,金鸢尾原野,Gladden Fields,地区,,51223bd0-ffd1-11df-a976-0801200c9114,3,,,3,,,3,,,沼地,,,,
沿河而下,索伦的掌控,45,东方的鸟鸦,Eastern Crows,敌人,,51223bd0-ffd1-11df-a976-0801200c9115,3,,30,1,1,0,,1,,生物,,,,
沿河而下,索伦的掌控,46,邪恶的风暴,Evil Storm,诡计,,51223bd0-ffd1-11df-a976-0801200c9116,3,,,,,,,,,,,,,
沿河而下,索伦的掌控,47,魔影追击,Pursued by Shadow,诡计,,51223bd0-ffd1-11df-a976-0801200c9117,2,,,,,,,,,,,,,
沿河而下,索伦的掌控,48,险恶的迷雾,Treacherous Fog,诡计,,51223bd0-ffd1-11df-a976-0801200c9118,2,,,,,,,,,,,,,
逃离多古尔都,,49,死灵法师之塔,The Necromancer's Tower,探险,1a,51223bd0-ffd1-11df-a976-0801200c9127,1,0,,,,,,,,,,,,
逃离多古尔都,,50,死灵法师之塔,The Necromancer's Tower,探险,1b,51223bd0-ffd1-11df-a976-0801200c9127.B,1,9,,,,,,,,,,,,
逃离多古尔都,,51,穿越洞穴,Through the Caverns,探险,2a,51223bd0-ffd1-11df-a976-0801200c9129,1,0,,,,,,,,,,,,
逃离多古尔都,,52,穿越洞穴,Through the Caverns,探险,2b,51223bd0-ffd1-11df-a976-0801200c9129.B,1,15,,,,,,,,,,,,
逃离多古尔都,,53,撤离地牢,Out of the Dungeons,探险,3a,51223bd0-ffd1-11df-a976-0801200c9131,1,0,,,,,,,,,,,,
逃离多古尔都,,54,撤离地牢,Out of the Dungeons,探险,3b,51223bd0-ffd1-11df-a976-0801200c9131.B,1,7,,,,,,,,,,,,
逃离多古尔都,逃离多古尔都,55,地牢狱卒,Dungeon Jailor,敌人,,51223bd0-ffd1-11df-a976-0801200c9101,2,,38,1,2,3,,5,,多古尔都|奥克,,,,
逃离多古尔都,逃离多古尔都,56,多古尔都那兹古尔,Nazgûl of Dol Guldur,敌人,,51223bd0-ffd1-11df-a976-0801200c9102,1,,40,5,4,3,,9,,那兹古尔,,,,
逃离多古尔都,逃离多古尔都,57,洞穴守卫,Cavern Guardian,敌人,,51223bd0-ffd1-11df-a976-0801200c9103,2,,8,2,2,1,,2,,亡灵,,,,
逃离多古尔都,逃离多古尔都,58,魔影笼罩,Under the Shadow,诡计,,51223bd0-ffd1-11df-a976-0801200c9104,2,,,,,,,,,,,,,
逃离多古尔都,逃离多古尔都,59,铁镣铐,Iron Shackles,诡计,,51223bd0-ffd1-11df-a976-0801200c9105,1,,,,,,,,,,,,,
逃离多古尔都,逃离多古尔都,60,无尽的洞穴,Endless Caverns,地区,,51223bd0-ffd1-11df-a976-0801200c9106,2,,,1,,,3,,,地牢,,,,
逃离多古尔都,逃离多古尔都,61,塔楼大门,Tower Gate,地区,,51223bd0-ffd1-11df-a976-0801200c9107,2,,,2,,,1,,,地牢,,,,
逃离多古尔都,逃离多古尔都,62,甘道夫的地图,Gandalf's Map,目标,,51223bd0-ffd1-11df-a976-0801200c9108,1,,,,,,,,,物品,,,,
逃离多古尔都,逃离多古尔都,63,地牢火炬,Dungeon Torch,目标,,51223bd0-ffd1-11df-a976-0801200c9109,1,,,,,,,,,物品,,,,
逃离多古尔都,逃离多古尔都,64,魔影钥匙,Shadow Key,目标,,51223bd0-ffd1-11df-a976-0801200c9110,1,,,,,,,,,物品,,,,
贝磊勾斯特的废墟,,65,第一纪元的废墟,Ruins of the First Age,探险,1a,f8a95ed4-415f-41a2-90db-ce8de7071883.jpg,1,0,,,,,,,,,,废墟中潜行|@每位玩家废弃的矿坑,纳乌尔路赫|纳乌尔路赫的巢穴|贝磊勾斯特之剑|深水潜伏者,
贝磊勾斯特的废墟,,66,第一纪元的废墟,Ruins of the First Age,探险,1b,f8a95ed4-415f-41a2-90db-ce8de7071883.B.jpg,1,6,,,,,,,,,,,,
贝磊勾斯特的废墟,,67,被打扰的远古邪恶,Ancient Evils Disturbed,探险,2a,8f449385-efbb-4f99-b0c6-984e7b522674.jpg,1,0,,,,,,,,,,,,
贝磊勾斯特的废墟,,68,被打扰的远古邪恶,Ancient Evils Disturbed,探险,2b,8f449385-efbb-4f99-b0c6-984e7b522674.B.jpg,1,9,,,,,,,,,,,,
贝磊勾斯特的废墟,,69,深入旧城,Deeper into the Past (C),探险,2c,4f03a84f-6665-435f-aa3a-5002c835d13b.jpg,1,0,,,,,,,,,,,,
贝磊勾斯特的废墟,,70,深入旧城,Deeper into the Past (C),探险,2d,4f03a84f-6665-435f-aa3a-5002c835d13b.B.jpg,1,9,,,,,,,,,,,,
贝磊勾斯特的废墟,,71,魔苟斯的仆从,The Servants of Morgoth,探险,3a,70494c1c-405f-481a-b330-12643c80587e.jpg,1,0,,,,,,,,,,,,
贝磊勾斯特的废墟,,72,魔苟斯的仆从,The Servants of Morgoth,探险,3b,70494c1c-405f-481a-b330-12643c80587e.B.jpg,1,6,,,,,,,,,,,,
贝磊勾斯特的废墟,,73,伊瑞德隆山脚,The Roots of Ered Luin (C),探险,3c,6d6d2d0f-7672-4f92-bb07-6a764f655306.jpg,1,0,,,,,,,,,,,,
贝磊勾斯特的废墟,,74,伊瑞德隆山脚,The Roots of Ered Luin (C),探险,3d,6d6d2d0f-7672-4f92-bb07-6a764f655306.B.jpg,1,6,,,,,,,,,,,,
贝磊勾斯特的废墟,,75,贝磊勾斯特矿洞,The Mines of Belegost (E),探险,3e,0eb36ad6-db76-4e69-b77c-77ff7da8661d.jpg,1,0,,,,,,,,,,,,
贝磊勾斯特的废墟,,76,贝磊勾斯特矿洞,The Mines of Belegost (E),探险,3f,0eb36ad6-db76-4e69-b77c-77ff7da8661d.B.jpg,1,6,,,,,,,,,,,,
贝磊勾斯特的废墟,,77,贝磊勾斯特的野兽,The Beast of Belegost,探险,4a,f5a08708-ed75-45a0-91a1-59e10eeebfc9.jpg,1,0,,,,,,,,,,,,
贝磊勾斯特的废墟,,78,贝磊勾斯特的野兽,The Beast of Belegost,探险,4b,f5a08708-ed75-45a0-91a1-59e10eeebfc9.B.jpg,1,0,,,,,,,,,,,,
贝磊勾斯特的废墟,贝磊勾斯特的废墟,79,废墟中潜行,Stalking the Ruins,目标,,536cee93-e3d5-42fd-8182-0a939fd19f46.jpg,1,,,,,,,,,,,,,
贝磊勾斯特的废墟,贝磊勾斯特的废墟,80,贝磊勾斯特之剑,Sword of Belegost,目标,,7bae4f1a-42b7-46ab-bfbb-0078ed0842a4.jpg,1,,,,,,,,,宝物.物品.武器,,,,
贝磊勾斯特的废墟,贝磊勾斯特的废墟,81,伊瑞德隆地图,Map of Ered Luin,目标,,fd1ed69d-287a-49bc-973c-93216ab4d674.jpg,1,,,,,,,,,宝物.物品,,,,
贝磊勾斯特的废墟,贝磊勾斯特的废墟,82,贝磊勾斯特的钥匙,Keys of Belegost,目标,,adeb3985-c342-4d9e-acd6-2c7cf35dafe6.jpg,1,,,,,,,,,宝物.物品,,,,
贝磊勾斯特的废墟,贝磊勾斯特的废墟,83,奥力子民之书,Book of Aulë's Children,目标,,3c1bea1f-80b7-4857-9d0b-489376d4abab.jpg,1,,,,,,,,,宝物.物品,,,,
贝磊勾斯特的废墟,贝磊勾斯特的废墟,84,矮人火炬,Dwarven Torch,目标,,8e15ba46-125f-44fc-b67b-6006b96b20ea.jpg,1,,,,,,,,,宝物.物品,,,,
贝磊勾斯特的废墟,贝磊勾斯特的废墟,85,蓝山宝石,Blue Mountain Gem,目标,,54665391-02fa-4402-b7ea-2f8b5aa95a57.jpg,1,,,,,,,,,宝物.物品,,,,
贝磊勾斯特的废墟,贝磊勾斯特的废墟,86,纳乌尔路赫,Naurlhûg,敌人,,9d65d755-9d41-47d8-84f5-ea725fba1d2f.jpg,1,,20,x,7,5,,20,,龙,7,,,
贝磊勾斯特的废墟,贝磊勾斯特的废墟,87,深水潜伏者,Lurker of the Depths,敌人,,415e5671-e9fa-458e-bc46-e9f869bee87f.jpg,1,,50,4,5,2,,12,,生物,5,,,
贝磊勾斯特的废墟,贝磊勾斯特的废墟,88,无名的洞穴居住者,Nameless Cave Dweller,敌人,,f3efc356-9e7d-40e3-a8ff-0ad47d8b9d67.jpg,4,,35,x,x,x,,5,,无名者.险阻,,,,
贝磊勾斯特的废墟,贝磊勾斯特的废墟,89,古老的石巨魔,Old Stone Troll,敌人,,6e42b5b8-c708-4f2e-a483-4984db0d1084.jpg,2,,50,3,6,3,,8,,巨魔.险阻,,,,
贝磊勾斯特的废墟,贝磊勾斯特的废墟,90,伊瑞德隆的半兽人,Orc of Ered Luin,敌人,,4c9ac5bd-1653-400c-9cd0-4da685da5c15.jpg,3,,30,2,4,2,,4,,半兽人,,,,
贝磊勾斯特的废墟,贝磊勾斯特的废墟,91,蓝山地精,Blue Mountain Goblin,敌人,,796c0aee-2aea-4999-931d-253fafe7fb26.jpg,3,,25,1,3,2,,3,,半兽人.地精,,,,
贝磊勾斯特的废墟,贝磊勾斯特的废墟,92,纳乌尔路赫的巢穴,Naurlhûg's Lair,地区,,10dc0c5d-a434-4d77-a06f-5ed0c1d4ac46.jpg,1,,,4,,,6,,,地底,4,,,
贝磊勾斯特的废墟,贝磊勾斯特的废墟,93,废弃的矿坑,Abandoned Mine,地区,,51a1050d-f8d5-48aa-8f96-ef96e1e836da.jpg,4,,,2,,,3,,,地底,,,,
贝磊勾斯特的废墟,贝磊勾斯特的废墟,94,淹没的大厅,Flooded Hall,地区,,687ca930-b64c-4a5c-b6a3-bc3b12d8641d.jpg,2,,,4,,,4,,,地底,,,,
贝磊勾斯特的废墟,贝磊勾斯特的废墟,95,黑暗的通道,Darkened Tunnel,地区,,3d948840-8118-4d63-b782-ba017e1cf5d5.jpg,2,,,3,,,3,,,地底,,,,
贝磊勾斯特的废墟,贝磊勾斯特的废墟,96,沉没的宝库,Sunken Treasury,地区,,4d67feae-9070-4ed6-8b1a-3ddc3569e73a.jpg,3,,,1,,,4,,,地底,,,,
贝磊勾斯特的废墟,贝磊勾斯特的废墟,97,密室,Secret Chamber,地区,,52248807-32d1-422b-b4b2-01097405e49f.jpg,3,,,3,,,2,,,地底.险阻,,,,
贝磊勾斯特的废墟,贝磊勾斯特的废墟,98,黑暗中的回声,Echoes in the Dark,诡计,,cf6114ac-f795-4085-b135-4cca76fb8608.jpg,3,,,,,,,,,,,,,
贝磊勾斯特的废墟,贝磊勾斯特的废墟,99,安戈洛坠姆的末裔,Spawn of Thangorodrim,诡计,,a9502ae6-2df9-419a-b562-43550926cd73.jpg,2,,,,,,,,,,,,,
贝磊勾斯特的废墟,贝磊勾斯特的废墟,100,暗钉,Concealed Spikes,诡计,,3d7adc18-c9cb-4e93-8b1e-1574747ba8ce.jpg,2,,,,,,,,,险阻,,,,
贝磊勾斯特的废墟,贝磊勾斯特的废墟,101,掩盖的矿坑,Covered Pit,诡计,,fba9d635-eeba-4cc1-b9fb-d6666a3a1cdf.jpg,2,,,,,,,,,险阻,,,,
横渡贝烈盖尔海,,102,从海港启程,Departure from the Havens,探险,1a,007721bf-3e80-4857-aaf4-aabb65d1827d.jpg,1,0,,,,,,,,,,巨浪滔天|侦察船,,
横渡贝烈盖尔海,,103,从海港启程,Departure from the Havens,探险,1b,007721bf-3e80-4857-aaf4-aabb65d1827d.B.jpg,1,8,,,,,,,,,3,,,航行
横渡贝烈盖尔海,,104,深入风暴,Into the Storm,探险,2a,25940aea-cc56-43bf-a8d6-f9d349b0c01f.jpg,1,0,,,,,,,,,,,,
横渡贝烈盖尔海,,105,深入风暴,Into the Storm,探险,2b,25940aea-cc56-43bf-a8d6-f9d349b0c01f.B.jpg,1,2,,,,,,,,,3,,,航行
横渡贝烈盖尔海,,106,被诅咒的迷雾,Cursed Mists,探险,2a,aede410a-9d4c-4abd-9f55-143f5027f9c4.jpg,1,0,,,,,,,,,,,,
横渡贝烈盖尔海,,107,被诅咒的迷雾,Cursed Mists,探险,2b,aede410a-9d4c-4abd-9f55-143f5027f9c4.B.jpg,1,6,,,,,,,,,3,,,航行
横渡贝烈盖尔海,,108,星辰的指引,Calphon's Divination,探险,2a,b77620fa-89a8-4f09-8552-ba4204e472d2.jpg,1,0,,,,,,,,,,,,
横渡贝烈盖尔海,,109,星辰的指引,Calphon's Divination,探险,2b,b77620fa-89a8-4f09-8552-ba4204e472d2.B.jpg,1,4,,,,,,,,,3,,,航行
横渡贝烈盖尔海,,110,卡冯的预言,The Star's Guidance,探险,2a,e1001736-68fc-4e7b-a7df-23230876eb92.jpg,1,0,,,,,,,,,,,,
横渡贝烈盖尔海,,111,卡冯的预言,The Star's Guidance,探险,2b,e1001736-68fc-4e7b-a7df-23230876eb92.B.jpg,1,4,,,,,,,,,3,,,航行
横渡贝烈盖尔海,,112,海盗追击,Corsair Pursuit,探险,3a,abeec7e9-ccf6-4145-ae1a-d7179c5a4b4d.jpg,1,0,,,,,,,,,,,,
横渡贝烈盖尔海,,113,海盗追击,Corsair Pursuit,探险,3b,abeec7e9-ccf6-4145-ae1a-d7179c5a4b4d.B.jpg,1,10,,,,,,,,,,,,航行
横渡贝烈盖尔海,横渡贝烈盖尔海,114,侦察船,Scouting Ship,敌人,,16361c0e-f422-44d4-8f25-bc32b7a9aadd.jpg,3,,35,2,5,2,,7,,海盗|船,,,,登船1
横渡贝烈盖尔海,横渡贝烈盖尔海,115,星辰大海,Starlit Sea,地区,,b640a0b7-f23e-4859-96fb-b558274b90a8.jpg,2,,,3,,,2,,,海洋,,,,航行1
横渡贝烈盖尔海,横渡贝烈盖尔海,116,雾角,Fog Bank,地区,,edfe479c-dc2b-43d0-9d4b-708e96320748.jpg,2,,,2,,,5,,,海洋,,,,
努曼诺尔的命运,,117,探索岛屿,Explore the Island,探险,1a,05bf91b3-8e8e-4a45-a6cf-ac8b936b032d.jpg,1,0,,,,,,,,,,,,
努曼诺尔的命运,,118,探索岛屿,Explore the Island,探险,1b,05bf91b3-8e8e-4a45-a6cf-ac8b936b032d.B.jpg,1,20,,,,,,,,,,,,
努曼诺尔的命运,,119,重大发现,A Fateful Discovery,探险,1a,97584fc2-835e-411c-aae3-eb841c90fc43.jpg,1,0,,,,,,,,,,,,
努曼诺尔的命运,,120,重大发现,A Fateful Discovery,探险,1b,97584fc2-835e-411c-aae3-eb841c90fc43.B.jpg,1,0,,,,,,,,,,,,
努曼诺尔的命运,努曼诺尔的命运,121,魔苟斯祭坛,Shrine to Morgoth,地区,,26642db7-c3a2-47f3-989d-27396e586d06.B.jpg,1,,,5,,,8,,,废墟,,,,未知
努曼诺尔的命运,努曼诺尔的命运,122,失落的岛屿,Lost Island,地区,,26642db7-c3a2-47f3-989d-27396e586d06.jpg,-,,,2,,,-,,,,,,,
努曼诺尔的命运,努曼诺尔的命运,123,卡冯,Calphon,目标|盟友,,24a816f2-172f-4945-8d9b-21eb7fb68263.jpg,1,,,,0,1,,3,1,刚铎|贵族,,,,
努曼诺尔的命运,努曼诺尔的命运,124,欺诈者的仆从,Servant of the Deceiver,敌人,,7a2f15bc-d05d-4891-9558-02396affc32b.jpg,3,,35,3,3,4,,3,,亡灵,,,,
努曼诺尔的命运,努曼诺尔的命运,125,茂密的丛林,Lush Jungle,地区,,c7bb88f6-a6b7-44f3-8bc2-8c4be788e7da.B.jpg,2,,,4,,,,4,,森林,,,,未知
努曼诺尔的命运,努曼诺尔的命运,126,禁闭海岸,Forbidden Coast,地区,,b1f8c611-99a3-4bab-9805-832853d52d4d.B.jpg,2,,,1,,,,6,,海岸,,,,未知
努曼诺尔的命运,努曼诺尔的命运,127,险峻的高原,Steep Plateau,地区,,8830070b-b918-4b74-8dfb-dced3866e53b.jpg,3,,,1,,,,3,,海岸,,,,
努曼诺尔的命运,努曼诺尔的命运,128,神秘的雾气,Mysterious Fog,诡计,,b0a1f83b-f1b0-4945-afc8-91a1c25063e2.jpg,2,,,,,,,,,,,,,
努曼诺尔的命运,努曼诺尔的命运,129,挥之不去的恶意,Lingering Malevolence,诡计,,b03a007c-42bc-433c-bd0e-efbf65a8696d.jpg,2,,,,,,,,,,,,,
努曼诺尔的命运,努曼诺尔的命运,130,古代废墟,Ruins of Ages Past,诡计,,92fec8c5-53e7-477a-9c47-8d97578bc1e7.jpg,2,,,,,,,,,,,,,
突袭灰港岸,,131,海盗的强袭,The Corsairs' Assault,探险,1a,fab58a26-eaa6-4e6b-aa59-575bab8a2599.jpg,1,0,,,,,,,,,,,,
突袭灰港岸,,132,海盗的强袭,The Corsairs' Assault,探险,1b,fab58a26-eaa6-4e6b-aa59-575bab8a2599.B.jpg,1,18,,,,,,,,,,,,
突袭灰港岸,,133,萨伊尔的推进,Sahír's Advance,探险,2a,7c5f503a-61aa-4f12-acdf-e52fc51e295f.jpg,1,0,,,,,,,,,,,,
突袭灰港岸,,134,萨伊尔的推进,Sahír's Advance,探险,2b,7c5f503a-61aa-4f12-acdf-e52fc51e295f.B.jpg,1,0,,,,,,,,,,,,
突袭灰港岸,突袭灰港岸,135,海港在燃烧,The Havens Burn,目标,,6302e603-fade-43b3-a6b3-235af412fdfa.jpg,1,,,,,,,,,,,,,
突袭灰港岸,突袭灰港岸,136,逐梦者号,Dream-chaser,地区,,c792fec6-5840-4aba-8dcd-36b1632d58fa.jpg,1,,,2,,,,,,灰港岸,,,,燃烧12
突袭灰港岸,突袭灰港岸,137,海盗纵火者,Corsair Arsonist,敌人,,cedfcb4c-9f28-46c6-b6ec-7986be79f7b1.jpg,3,,28,2,2,1,,3,,海盗,,,,
突袭灰港岸,突袭灰港岸,138,萨伊尔的破坏者,Sahír's Ravager,敌人,,4893d105-fada-4bee-a4bb-d26463b97b63.jpg,3,,36,3,4,3,,5,,海盗|掠夺者,,,,
突袭灰港岸,突袭灰港岸,139,米斯龙德港,Mithlond Harbor,地区,,766735f8-3b17-4b50-aee3-a869837f986c.jpg,2,,,1,,,2,,,灰港岸,,,,
突袭灰港岸,突袭灰港岸,140,燃烧的码头,Burning Piers,地区,,c69c1fe9-076a-4a5b-8388-9f653015d84d.jpg,2,,,1,,,3,,,灰港岸,,,,燃烧5
突袭灰港岸,突袭灰港岸,141,被掠夺的船,Pillaged Ship,地区,,a961751d-414b-4a53-9da4-5708f8b7bb1f.jpg,2,,,2,,,4,,,灰港岸|船,,,,燃烧5
突袭灰港岸,突袭灰港岸,142,白船,White Ship,地区,,7fa34ed7-6c3d-41a2-9c03-d8a766a35ece.jpg,2,,,4,,,6,,,灰港岸|船,,,,燃烧4
突袭灰港岸,突袭灰港岸,143,精灵御风者,Elven Wave-runner,地区,,af53407e-c51f-4b41-bd25-312f681149e1.jpg,2,,,3,,,3,,,灰港岸|船,3,,,燃烧3
突袭灰港岸,突袭灰港岸,144,精灵快船,Elven Caravel,地区,,25eb1da3-b559-4e47-ae20-e6096a8cbc96.jpg,2,,,3,,,5,,,灰港岸|船,,,,燃烧4
突袭灰港岸,突袭灰港岸,145,付之一炬,Put to the Torch,诡计,,91143aee-41e7-4cac-8ec2-e112689fcc17.jpg,2,,,,,,,,,,,,,
突袭灰港岸,突袭灰港岸,146,大火蔓延,The Fires Spread,诡计,,76a512ea-3a6a-4c99-8c29-d980dea802ff.jpg,2,,,,,,,,,,,,,
浩瀚海洋,浩瀚海洋,147,平静的海面,Calm Waters,地区,,1e5d3385-4362-4e76-91fc-30e5aebab5e2.jpg,2,,,1,,,4,,,海洋,,,,航行2
浩瀚海洋,浩瀚海洋,148,巨浪滔天,Rolling Seas,地区,,ec2f100d-22c8-4cc6-82d9-fb4f07446b0f.jpg,3,,,4,,,3,,,海洋,,,,航行1
浩瀚海洋,浩瀚海洋,149,偏离正轨,Thrown Off Course,诡计,,4f4df8ea-7f18-4a76-85b0-7ece828bb837.jpg,2,,,,,,,,,,,,,航行1
风暴天气,风暴天气,150,汹涌的海面,Rough Waters,地区,,2b3973f5-e6f6-4611-87b7-b6e3dc33eb66.jpg,2,,,2,,,3,,,海洋,,,,
风暴天气,风暴天气,151,海龙卷,Waterspout,地区,,4d925556-3a39-4e49-aafa-0adac6cacc52.jpg,2,,,2,,,4,,,海洋,,,,
风暴天气,风暴天气,152,突来暴风,Sudden Storms,诡计,,7691fb33-603e-4460-9f09-5f96bc05c2bb.jpg,3,,,,,,,,,天气,,,,
风暴天气,风暴天气,153,愤怒之风,Winds of Wrath,诡计,,71d7dd78-a967-43dd-ab73-e46a5d4d4519.jpg,2,,,,,,,,,天气,,,,航行1
乌姆巴尔舰队,乌姆巴尔舰队,154,轻型巡洋舰,Light Cruiser,敌人,,c1273c2f-a616-45ee-804d-a16c28b6e63d.jpg,2,,37,4,6,5,,7,,海盗|船,,,,登船2
乌姆巴尔舰队,乌姆巴尔舰队,155,海盗战船,Corsair Warship,敌人,,a312e181-9209-4460-b6ba-c90c99e011fe.jpg,2,,44,3,8,4,,9,,海盗|船,6,,,登船3
乌姆巴尔舰队,乌姆巴尔舰队,156,登船小队,Boarding Party,诡计,,28ba7c20-b660-40cb-9e2c-bf6ebaec723e.jpg,2,,,,,,,,,,,,,
海盗,海盗,157,南方的水手,Southron Sailor,敌人,,b171f1fa-a603-43ab-97c9-f950ee3b3599.jpg,2,,28,0,2,1,,4,,海盗,,,,
海盗,海盗,158,狡猾的海盗,Cunning Pirate,敌人,,4d85bbe6-1bc7-4890-8974-e42e2d0f9431.jpg,3,,36,1,2,2,,4,,海盗|掠夺者,,,,
海盗,海盗,159,邪恶的掠夺者,Vicious Marauder,敌人,,2362af02-42b8-43fe-b3b6-f11f011b3197.jpg,2,,12,2,3,3,,3,,海盗|掠夺者,,,,
海盗,海盗,160,昂巴船长,Umbar Captain,敌人,,27bdece4-dfac-438e-87cd-1dc653eab8d6.jpg,2,,40,4,5,3,,5,,海盗,,,,
海盗掠夺者,海盗掠夺者,161,昂巴掠夺者,Umbar Raider,敌人,,d03bdefa-cc39-43b6-9af9-feeb33858958.jpg,3,,24,2,3,2,,4,,海盗|掠夺者,,,,
海盗掠夺者,海盗掠夺者,162,海盗潜入者,Corsair Infiltrator,敌人,,d7885efa-3af6-48e6-8eb1-5750892fdb34.jpg,2,,16,2,3,3,,2,,海盗|掠夺者,,,,
海盗掠夺者,海盗掠夺者,163,掠夺队头目,Raid Leader,敌人,,4b3a4229-eb85-49b0-9f34-78cb17301b34.jpg,2,,40,3,5,1,,5,,海盗|掠夺者,,,,
海盗掠夺者,海盗掠夺者,164,老练战士,Battle-Hardened,诡计,,c057b0ef-eb85-4afc-9ca8-60a0cca92bcc.jpg,2,,,,,,,,,,,,,
溺水的死者,溺水的死者,165,淹死鬼,Drowned Dead,敌人,,79d5dc52-cfee-49f9-8a3d-1d4a7a749af2.jpg,3,,32,2,4,3,,3,,亡灵,,,,
溺水的死者,溺水的死者,166,无魂死尸,Soulless Cadaver,敌人,,69a3ace6-7588-4ec4-91de-780b56502d8a.jpg,2,,38,3,3,2,,4,,亡灵,,,,
溺水的死者,溺水的死者,167,成群的不忠者,Throngs of Unfaithful,敌人,,159f5a8f-1e1f-4282-9936-94b10e348176.jpg,2,,26,1,2,0,,4,,亡灵,,,,涌动
溺水的死者,溺水的死者,168,堕落者的诅咒,Curse of the Downfallen,诡计,,ab5fec4c-b353-47e5-ae47-db7daf7f9088.jpg,2,,,,,,,,,,,,,
努门诺尔废墟,努门诺尔废墟,169,被水漫的废墟,Flooded Ruins,地区,,fb5e0cb9-914f-49ee-8e21-534e89bc5533.jpg,2,,,3,,,5,,,废墟,,,,未知
努门诺尔废墟,努门诺尔废墟,170,被淹没的坟墓,Drowned Graves,地区,,d7ef4ad0-93f1-4c03-a04b-cdfe6339eb41.jpg,2,,,2,,,2,,,废墟,,,,未知
努门诺尔废墟,努门诺尔废墟,171,被诅咒的神庙,Cursed Temple,地区,,201569b2-d203-4a2a-b3e4-5dd396b8341a.jpg,2,,,1,,,3,,,废墟,,,,未知
努门诺尔废墟,努门诺尔废墟,172,漫无目的的游荡,Aimless Wandering,诡计,,a8918c80-f092-4649-bb5c-9f7fde3cef75.jpg,3,,,,,,,,,,,,,
风暴召唤者精英,风暴召唤者精英,173,萨伊尔船长,Captain Sahír,敌人,,97bf780d-cd76-492f-a970-37f78273c5bb.jpg,1,,4,6,6,2,,5,,海盗|掠夺者,6,,,
风暴召唤者精英,风暴召唤者精英,174,萨伊尔船长,Captain Sahír,目标|盟友,,97bf780d-cd76-492f-a970-37f78273c5bb.B.jpg,1,,,,0,2,,5,0,海盗|掠夺者,,,,
风暴召唤者精英,风暴召唤者精英,175,娜阿西雅,Na'asiyah,敌人,,f0d30258-7122-4004-a689-9ff50a00b3af.jpg,1,,8,1,2,2,,4,,海盗|掠夺者,4,,,
风暴召唤者精英,风暴召唤者精英,176,娜阿西雅,Na'asiyah,目标|盟友,,f0d30258-7122-4004-a689-9ff50a00b3af.B.jpg,1,,,,2,2,,4,1,海盗|掠夺者,,,,
逐梦者舰队,逐梦者舰队,177,逐梦者号,Dream-chaser,船|目标,,07a8f60f-926c-4342-bf04-e3af9a24df10.jpg,1,,,,4,4,,18,5,灰港岸|船,,,,警戒
逐梦者舰队,逐梦者舰队,178,黎明之星号,Dawn Star,船|目标,,81632d10-625e-42f0-9e6b-09574a9ffbc3.jpg,1,,,,3,4,,16,3,灰港岸|船,,,,警戒
逐梦者舰队,逐梦者舰队,179,纳瑞兰雅号,Nárelenya,船|目标,,32db1af6-e214-4958-9ca4-bdf3a73758b5.jpg,1,,,,3,5,,16,3,灰港岸|船,,,,警戒
逐梦者舰队,逐梦者舰队,180,银翼号,Silver Wing,船|目标,,c9139d8c-0d9d-4d34-bfb5-8d40ca455bfc.jpg,1,,,,4,2,,14,2,灰港岸|船,,,,警戒|远攻
追击风暴召唤者,,181,迅速撤离,Swift Departure,探险,1a,4489214b-775c-4e63-b8ec-c504526e478f.jpg,1,0,,,,,,,,,,,,
追击风暴召唤者,,182,迅速撤离,Swift Departure,探险,1b,4489214b-775c-4e63-b8ec-c504526e478f.B.jpg,1,8,,,,,,,,,,,,航行
追击风暴召唤者,,183,全速前进！,Full Sail Ahead!,探险,2a,315ddd38-e50f-4db0-8e5c-8030998e4f7f.jpg,1,0,,,,,,,,,,,,
追击风暴召唤者,,184,全速前进！,Full Sail Ahead!,探险,2b,315ddd38-e50f-4db0-8e5c-8030998e4f7f.B.jpg,1,12,,,,,,,,,,,,航行
追击风暴召唤者,,185,天气转坏,The Weather Turns Foul,探险,3a,0700c66d-3fe6-4619-9512-edb0241e6203.jpg,1,0,,,,,,,,,,,,
追击风暴召唤者,,186,天气转坏,The Weather Turns Foul,探险,3b,0700c66d-3fe6-4619-9512-edb0241e6203.B.jpg,1,18,,,,,,,,,,,,航行
追击风暴召唤者,,187,安德拉斯角,The Cape of Andrast,探险,4a,4576db5c-fdc2-45f2-ac8b-d1edb8150678.jpg,1,0,,,,,,,,,,,,
追击风暴召唤者,,188,安德拉斯角,The Cape of Andrast,探险,4b,4576db5c-fdc2-45f2-ac8b-d1edb8150678.B.jpg,1,24,,,,,,,,,,,,航行
追击风暴召唤者,,189,全速前进！,Full Sail Ahead! c,探险,2c,39df5c92-f79e-4d39-b8a3-f93631e183db.jpg,1,0,,,,,,,,,,,,
追击风暴召唤者,,190,全速前进！,Full Sail Ahead! c,探险,2d,39df5c92-f79e-4d39-b8a3-f93631e183db.B.jpg,1,12,,,,,,,,,,,,
追击风暴召唤者,,191,天气转坏,The Weather Turns Foul c,探险,3c,c7bcb6fc-dde8-4df0-bd0e-3791b0fef4d0.jpg,1,0,,,,,,,,,,,,
追击风暴召唤者,,192,天气转坏,The Weather Turns Foul c,探险,3d,c7bcb6fc-dde8-4df0-bd0e-3791b0fef4d0.B.jpg,1,18,,,,,,,,,,,,
追击风暴召唤者,,193,安德拉斯角,The Cape of Andrast c,探险,4c,076e69c7-156b-46ef-8d11-d6a659da68b2.jpg,1,0,,,,,,,,,,,,
追击风暴召唤者,,194,安德拉斯角,The Cape of Andrast c,探险,4d,076e69c7-156b-46ef-8d11-d6a659da68b2.B.jpg,1,24,,,,,,,,,,,,
追击风暴召唤者,追击风暴召唤者,195,风暴召唤者,The Stormcaller,敌人,,3065a397-5346-4148-8e0a-47009fe9b87d.jpg,1,,50,2,6,6,,18,,海盗|船,10,,,登船2
追击风暴召唤者,追击风暴召唤者,196,萨伊尔的护卫舰,Sahír's Escort,敌人,,3de80480-6316-4c43-824c-44d3ad424a7b.jpg,3,,46,2,4,3,,6,,海盗|船,,,,登船1
追击风暴召唤者,追击风暴召唤者,197,迅捷掠夺者,Swift Raider,敌人,,c084e998-a5c8-4efd-a6ed-441f9f912c99.jpg,2,,38,3,5,4,,8,,海盗|船,,,,登船2
追击风暴召唤者,追击风暴召唤者,198,海盗小船,Corsair Skiff,敌人,,47afd15f-ffe3-4a90-9128-f2a79ba3b070.jpg,2,,24,1,2,2,,5,,海盗|船,,,,涌现|航行1
追击风暴召唤者,追击风暴召唤者,199,海盗航海家,Corsair Seafarer,敌人,,cac948bb-b3dc-423d-8082-340e2596d623.jpg,2,,26,2,2,2,,3,,海盗|掠夺者,,,,
追击风暴召唤者,追击风暴召唤者,200,黑蛇之剑,Serpent's Blade,敌人,,3309e01a-db7f-4754-bd41-21a0b4316415.jpg,2,,10,3,3,3,,4,,海盗,,,,
追击风暴召唤者,追击风暴召唤者,201,锯齿暗礁,Jagged Reef,地区,,72b4cfd3-457b-4574-b638-c0fcce49dd68.jpg,2,,,1,,,4,,,海岸|海洋,,,,涌现
追击风暴召唤者,追击风暴召唤者,202,隐蔽的海湾,Hidden Cove,地区,,595c34f1-60e3-401a-bd65-df6dda627896.jpg,2,,,3,,,3,,,海岸|海洋,,,,
追击风暴召唤者,追击风暴召唤者,203,广阔的海岸,Vast Coastland,地区,,cf070c26-dd32-4ee8-bd6c-ffe9c011bd64.jpg,2,,,6,,,4,,,海岸|海洋,,,,航行1
追击风暴召唤者,追击风暴召唤者,204,有人落水！,Man Overboard!,诡计,,962991f0-44af-47ba-9ff0-0f7ed302a543.jpg,2,,,,,,,,,,,,,
追击风暴召唤者,追击风暴召唤者,205,肆虐的风暴,Raging Squall,诡计,,076b47e8-6bbe-41b3-9af8-edeca28e2c0c.jpg,2,,,,,,,,,天气,,,,厄运2
深海之物,,206,拿下敌船！,Take the Ship!,探险,1a,cfa94470-c25c-4af3-ba71-941d1fa48a9c.jpg,1,0,,,,,,,,,,,,
深海之物,,207,拿下敌船！,Take the Ship!,探险,1b,cfa94470-c25c-4af3-ba71-941d1fa48a9c.B.jpg,1,4,,,,,,,,,,,,
深海之物,,208,计划改变,Change of Plans,探险,2a,de744bed-1461-4442-b9a1-193d00fd39a3.jpg,1,0,,,,,,,,,,,,
深海之物,,209,计划改变,Change of Plans,探险,2b,de744bed-1461-4442-b9a1-193d00fd39a3.B.jpg,1,0,,,,,,,,,,,,
深海之物,,210,守卫船只！,Defend the Ship!,探险,3a,81779961-8776-4c1d-953d-ed7bf1324fbf.jpg,1,0,,,,,,,,,,,,
深海之物,,211,守卫船只！,Defend the Ship!,探险,3b,81779961-8776-4c1d-953d-ed7bf1324fbf.B.jpg,1,0,,,,,,,,,,,,
风暴召唤者号,风暴召唤者号,212,风暴召唤者船舵,Helm of the Stormcaller,地区,,5585680f-0609-4cc4-96b5-37e53992af56.jpg,1,,,2,,,1,,,船|甲板,5,,,
风暴召唤者号,风暴召唤者号,213,艏楼甲板,Forecastle Deck,地区,,5571b159-9889-4fcd-bc0e-13bea7443348.jpg,2,,,3,,,5,,,船|甲板,,,,
风暴召唤者号,风暴召唤者号,214,露天甲板,Weather Deck,地区,,ec9d7726-89fa-41ee-a6ad-30761a6b79d3.jpg,2,,,2,,,3,,,船|甲板,,,,
风暴召唤者号,风暴召唤者号,215,货舱,Cargo Hold,地区,,de903b76-e5e1-478b-a782-1e91f5a7261e.jpg,2,,,2,,,2,,,船,,,,
风暴召唤者号,风暴召唤者号,216,船员宿舍,Crew Quarters,地区,,2dbe66bc-a6bf-42d7-92a5-d186dfe954c6.jpg,2,,,1,,,4,,,船|甲板,,,,
风暴召唤者号,风暴召唤者号,217,后甲板,Quarter Deck,地区,,d7fd973b-6b4e-4f4b-9fc5-4886dcf80996.jpg,2,,,4,,,3,,,船|甲板,,,,
风暴召唤者号,风暴召唤者号,218,保持稳定！,Hold Steady!,诡计,,5a4545c3-8b25-4fad-9798-b67921c9e7d3.jpg,2,,,,,,,,,,,,,
深海之物,深海之物,219,深海之物,The Thing in the Depths,敌人,,b53fd0fc-5734-4bdc-b26f-c2133da31c3d.jpg,1,,50,2,5,0,,8,,生物,10,,,
深海之物,深海之物,220,怪兽之眼,Eye of the Beast,敌人,,07067901-5306-47f0-8863-3c9cb194e1c6.jpg,2,,0,2,0,5,,5,,生物|身体,,,,涌现
深海之物,深海之物,221,鞭笞触手,Thrashing Arm,敌人,,9c3c6e43-7548-4eaf-8225-2f51ecafbc4a.jpg,2,,23,3,5,1,,7,,生物|触须,,,,缠绕（最低印刷威胁）
深海之物,深海之物,222,碾压触手,Crushing Arm,敌人,,db512bcc-1bc7-4008-ba2b-18d56abc3b67.jpg,3,,17,1,3,1,,5,,生物|触须,,,,涌现|缠绕（最高印刷任务点）
深海之物,深海之物,223,扼杀触手,Grasping Arm,敌人,,5073c7a3-a3f6-4aca-b2a2-e0b830af3985.jpg,3,,20,2,4,1,,4,,生物|触须,,,,缠绕（最高印刷威胁）
深海之物,深海之物,224,巨型触手,Giant Arm,敌人,,0daf1963-a45f-4fe1-bd0b-ad901a1213fa.jpg,3,,13,1,4,1,,6,,生物|触须,,,,缠绕（最低印刷任务点）
深海之物,深海之物,225,来自深海,From the Depths,诡计,,5d811a82-3729-4b54-8748-e0abffd96e90.jpg,3,,,,,,,,,,,,,
深海之物,深海之物,226,甩动的触须,Lashing Tentacles,诡计,,b1898a55-730c-493e-9fcd-24a51d817b64.jpg,2,,,,,,,,,,,,,
欺诈者神庙,,227,搜寻小岛,Searching the Island,探险,,fb7d55c5-7198-45c5-97d7-be4c6a26fa68.jpg,1,,,,,,,,,,,,,
欺诈者神庙,,228,搜寻小岛,Searching the Island,探险,,fb7d55c5-7198-45c5-97d7-be4c6a26fa68.B.jpg,1,,,,,,,,,,,,,
欺诈者神庙,欺诈者神庙,229,洞穴入口,The Grotto's Entrance,地区,,f3bc3759-1f94-4983-bebb-66c7d9e3e0b3.B.jpg,1,,,2,,,8,,,废墟,,,,欺诈者神庙
欺诈者神庙,欺诈者神庙,230,欺诈者神庙,Temple of the Deceived,地区,,f3bc3759-1f94-4983-bebb-66c7d9e3e0b3.jpg,-,,,4,,,,,,废墟,,,,
欺诈者神庙,欺诈者神庙,231,神庙大厅,Temple Halls,地区,,3371c102-4aab-4b15-a738-a4b3483a6004.B.jpg,2,,,5,,,5,,,废墟,,,,欺诈者神庙
欺诈者神庙,欺诈者神庙,233,神庙守卫,Temple Guardian,敌人,,e4f6c61b-afb1-4f12-81d5-4edd14a90d32.jpg,1,,50,X,6,4,,10,,亡灵,4,,,
欺诈者神庙,欺诈者神庙,234,大门钥匙,Gate Key,目标,,447dd08d-693c-407f-8155-87164f212351.jpg,1,,,,,,,,,物品|宝物,,,,
欺诈者神庙,欺诈者神庙,235,锯齿悬崖,Jagged Cliffs,地区,,1877b069-7015-4172-b5df-bbfd235b976f.B.jpg,2,,,4,,,4,,,山脉,,,,未知
欺诈者神庙,欺诈者神庙,237,蜿蜒的洞穴,Winding Caverns,地区,,4c7d7a31-250d-4e48-a97a-2aebb3b2b47d.B.jpg,2,,,2,,,6,,,地底,,,,未知
欺诈者神庙,欺诈者神庙,239,丛林小径,Jungle Path,地区,,dc8f31b6-73af-4aec-be26-8d297909d14d.B.jpg,2,,,3,,,3,,,森林,,,,未知
欺诈者神庙,欺诈者神庙,241,背誓的亵渎者,Faithless Desecrator,敌人,,617ce2f8-f33e-4898-9fa4-38787ee9c2b6.jpg,3,,25,2,2,2,,4,,亡灵,,,,
欺诈者神庙,欺诈者神庙,242,渎神的死者,Island Watcher,敌人,,90b5e33a-3708-40ab-8d20-5a997237e536.jpg,2,,35,1,2,3,,3,,亡灵,,,,
欺诈者神庙,欺诈者神庙,243,小岛监视者,Profane Dead,敌人,,00e25526-9804-4b05-89d6-557d9ef7ad77.jpg,2,,46,3,4,1,,5,,亡灵,,,,
欺诈者神庙,欺诈者神庙,244,深入废墟,Deeper into the Ruins,诡计,,c8decb35-cb3e-4dc9-ad15-d0cc80c157cb.jpg,4,,,,,,,,,,,,,
欺诈者神庙,欺诈者神庙,245,猛烈的暴雨,Furious Rainstorm,诡计,,4fc6111a-93c3-4407-b067-1b82396b802f.jpg,3,,,,,,,,,,,,,
欺诈者神庙,欺诈者神庙,246,消耗供给,Dwindling Supplies,诡计,,3e8eaee9-6fdb-4207-864f-151f0f98807b.jpg,3,,,,,,,,,,,,,
欺诈者神庙,欺诈者神庙,247,沉没的废墟,Sunken Ruins,诡计,,441a78e5-078f-433d-b092-5d94d1101aa1.jpg,3,,,,,,,,,,,,,
沉没的废墟,,248,石窟,The Grotto,探险,1a,31bd075d-e116-4a0f-81dd-942b52a6267c.jpg,1,0,,,,,,,,,,,,
沉没的废墟,,249,石窟,The Grotto,探险,1b,31bd075d-e116-4a0f-81dd-942b52a6267c.B.jpg,1,15,,,,,,,,,,,,
沉没的废墟,,250,萨伊尔的背叛,Sahír's Betrayal,探险,2a,e48c7313-d1cb-4291-9dc1-9fff6fb23e83.jpg,1,0,,,,,,,,,,,,
沉没的废墟,,251,萨伊尔的背叛,Sahír's Betrayal,探险,2b,e48c7313-d1cb-4291-9dc1-9fff6fb23e83.B.jpg,1,0,,,,,,,,,,,,
沉没的废墟,沉没的废墟,251,魔苟斯祭坛,Shrine to Morgoth,地区,,011a4573-f21a-4897-9b23-8b64391f5136.jpg,1,,,,,,18,,,废墟|地底|石窟,5,,,石窟
沉没的废墟,沉没的废墟,252,魔苟斯祭坛,Shrine to Morgoth,地区,,011a4573-f21a-4897-9b23-8b64391f5136.B.jpg,1,,,,,,18,,,废墟|地底|水下,5,,,水下
沉没的废墟,沉没的废墟,253,海蝎,Sea-Scorpion,敌人,,c49ec585-e306-4fda-a55b-497cb0fd1174.jpg,3,,30,2,2,2,,4,,生物,,,,
沉没的废墟,沉没的废墟,254,穴鳗,Cave Eel,敌人,,34bfcbad-5557-48bc-8abd-3ac472ee4d3b.jpg,3,,20,3,3,4,,2,,生物,,,,
沉没的废墟,沉没的废墟,255,水下石窟,Undersea Grotto,地区,,58f1cb80-d8de-4f96-98d0-0fdf61988da3.jpg,1,,,2,,,3,,,地底|石窟,,,,石窟
沉没的废墟,沉没的废墟,256,黑暗深渊,Dark Abyss,地区,,58f1cb80-d8de-4f96-98d0-0fdf61988da3.B.jpg,1,,,5,,,12,,,地底|水下,2,,,水下
沉没的废墟,沉没的废墟,257,被诅咒的洞穴,Cursed Caverns,地区,,6a3ae84d-6c74-4fbf-9254-b8c1d17c8384.jpg,1,,,3,,,5,,,地底|石窟,,,,石窟
沉没的废墟,沉没的废墟,258,曲折的海穴,Twisting Hollow,地区,,6a3ae84d-6c74-4fbf-9254-b8c1d17c8384.B.jpg,1,,,4,,,14,,,地底|水下,2,,,水下
沉没的废墟,沉没的废墟,259,被诅咒的洞穴,Cursed Caverns,地区,,4be4e706-1bd2-455a-a712-833c1bbcea55.jpg,1,,,3,,,5,,,地底|石窟,,,,石窟
沉没的废墟,沉没的废墟,250,沉没的神庙,Sunken Temple,地区,,4be4e706-1bd2-455a-a712-833c1bbcea55.B.jpg,1,,,3,,,10,,,废墟|地底|水下,2,,,水下
沉没的废墟,沉没的废墟,251,水浸的大厅,Water-Logged Halls,地区,,9c6798e3-9c5a-4609-b499-e6b1d6ae567b.jpg,1,,,2,,,4,,,废墟|地底|石窟,,,,石窟
沉没的废墟,沉没的废墟,252,黑暗深渊,Dark Abyss,地区,,9c6798e3-9c5a-4609-b499-e6b1d6ae567b.B.jpg,1,,,5,,,12,,,地底|水下,2,,,水下
沉没的废墟,沉没的废墟,253,水下石窟,Undersea Grotto,地区,,c95b4c6a-3dd0-4f11-8620-df7af65c11bc.jpg,1,,,2,,,3,,,地底|石窟,,,,石窟
沉没的废墟,沉没的废墟,254,曲折的海穴,Twisting Hollow,地区,,c95b4c6a-3dd0-4f11-8620-df7af65c11bc.B.jpg,1,,,4,,,14,,,地底|水下,2,,,水下
沉没的废墟,沉没的废墟,255,水浸的大厅,Water-Logged Halls,地区,,cb3ca114-400e-4abf-87e6-124b75e92cb4.jpg,1,,,2,,,4,,,废墟|地底|石窟,,,,石窟
沉没的废墟,沉没的废墟,256,沉没的神庙,Sunken Temple,地区,,cb3ca114-400e-4abf-87e6-124b75e92cb4.B.jpg,1,,,3,,,10,,,废墟|地底|水下,2,,,水下
沉没的废墟,沉没的废墟,257,淹没的洞穴,Drowned Cave,地区,,b59afed1-a224-4793-b149-0a6aadc9ba7e.jpg,2,,,3,,,4,,,地底|水下,,,,
沉没的废墟,沉没的废墟,258,强大的暗流,Powerful Undertow,诡计,,befbd3c9-45b3-4e68-b19e-5981a6571835.jpg,2,,,,,,,,,险阻,,,,
沉没的废墟,沉没的废墟,259,坚入深渊,Into the Abyss,诡计,,54014fda-7adc-49b0-96ac-656e849eaf7b.jpg,3,,,,,,,,,,,,,
沉没的废墟,沉没的废墟,260,纠结和缠绕,Tangling and Grasping,诡计,,c0d85826-dc42-4ac8-851c-4ed671917e9d.jpg,4,,,,,,,,,险阻,,,,
沉没的废墟,沉没的废墟,261,远古的深海,Ancient Depths,诡计,,a9321cbd-897f-4a77-a548-85ad00112273.jpg,3,,,,,,,,,,,,,
科巴斯港的风暴,,262,机动制敌,Outmaneuver the Enemy,探险,1a,d0bf9c82-d626-4602-a383-4a5660a08c5f.jpg,1,0,,,,,,,,,,,,
科巴斯港的风暴,,263,机动制敌,Outmaneuver the Enemy,探险,1b,d0bf9c82-d626-4602-a383-4a5660a08c5f.B.jpg,1,10,,,,,,,,,,,,航行
科巴斯港的风暴,,264,海湾鏖战,Battle in the Bay,探险,2a,e3adad02-fa99-4905-bb20-d414ba76f75f.jpg,1,0,,,,,,,,,,,,
科巴斯港的风暴,,265,海湾鏖战,Battle in the Bay,探险,2b,e3adad02-fa99-4905-bb20-d414ba76f75f.B.jpg,1,16,,,,,,,,,,,,航行
科巴斯港的风暴,,266,突破舰队！,Break Through the Fleet!,探险,3a,233a2687-04a8-4c18-90cc-e90b9574b282.jpg,1,0,,,,,,,,,,,,
科巴斯港的风暴,,267,突破舰队！,Break Through the Fleet!,探险,3b,233a2687-04a8-4c18-90cc-e90b9574b282.B.jpg,1,5,,,,,,,,,,,,航行
科巴斯港的风暴,科巴斯港的风暴,268,多尔安罗斯战舰,Dol Amroth Warship,船|目标,,b585f28e-7612-4f07-83f7-0fed8d391e3d.jpg,2,,,,2,2,,8,2,刚铎|船,,,,
科巴斯港的风暴,科巴斯港的风暴,269,掠夺者旗舰,Raider Flagship,敌人,,276e1411-be34-44fa-af2b-ebe9b36541f0.jpg,1,,50,3,5,3,,18,,海盗|船|独特,20,,,登船1
科巴斯港的风暴,科巴斯港的风暴,270,海盗散兵,Corsair Skirmisher,敌人,,026a36ed-0979-4422-a581-a4decdc3c102.jpg,2,,28,3,4,6,,6,,海盗|船,,,,登船1
科巴斯港的风暴,科巴斯港的风暴,271,攻城船,Siege Ship,敌人,,96f8534a-2683-4c8f-981d-daa470b792b7.jpg,3,,46,2,5,5,,7,,海盗|船,,,,箭术2
科巴斯港的风暴,科巴斯港的风暴,272,重型巡洋舰,Heavy Cruiser,敌人,,0d74f863-83c9-4342-ac98-5bbaae0a573f.jpg,1,,42,5,7,5,,8,,海盗|船,,,,登船2|航行1
科巴斯港的风暴,科巴斯港的风暴,273,安法拉斯海岸,Coast of Anfalas,地区,,a2b6cb8b-dacf-4c82-9097-2206610192ac.jpg,3,,,3,,,3,,,海岸|海洋,,,,航行1
科巴斯港的风暴,科巴斯港的风暴,274,贝尔法拉斯岛,Belfalas Islet,地区,,d9bde488-6391-492f-b3df-6dd6dbe4f9e9.jpg,2,,,1,,,5,,,海岸|海洋,1,,,
科巴斯港的风暴,科巴斯港的风暴,275,科巴斯港,Cobas Haven,地区,,c46688bb-24ac-4ee9-a23e-2bd481e8e56c.jpg,2,,,2,,,4,,,海岸|海洋,,,,
科巴斯港的风暴,科巴斯港的风暴,276,全速猛撞！,Ramming Speed!,诡计,,aba39503-0700-40c9-9c06-729e82bf67fe.jpg,2,,,,,,,,,,,,,航行1
科巴斯港的风暴,科巴斯港的风暴,277,船舱进水,Taking on Water,诡计,,783ecb94-e005-4ff7-8bc3-76196bba9249.jpg,2,,,,,,,,,,,,,
科巴斯港的风暴,科巴斯港的风暴,278,掠夺者的强袭,The Raiders' Assault,诡计,,4d31f077-9f08-435b-ad3c-95d5b7967fa4.jpg,2,,,,,,,,,,,,,航行1
科巴斯港的风暴,科巴斯港的风暴,279,海岸监视塔,Sea-ward Tower,目标,,434cf78e-2e8e-4d79-9662-eb50e33bc3f9.jpg,1,,,,,,,,,多尔安罗斯,,,,守护|航行1
科巴斯港的风暴,科巴斯港的风暴,280,鸥之塔,Tower of the Gull,目标,,d198aa74-21ec-462a-ac1a-f9c2fcf526cb.jpg,1,,,,,,,,,多尔安罗斯,,,,守护|航行1
科巴斯港的风暴,科巴斯港的风暴,281,烽火台,The Beacon,目标,,f410480c-ac41-431a-8db1-693746a7570e.jpg,1,,,,,,,,,多尔安罗斯,,,,守护|航行1
科巴斯港的风暴,科巴斯港的风暴,282,鹭之塔,Tower of the Heron,目标,,52b5e077-36f2-4c13-89fb-4f7b3d73463b.jpg,1,,,,,,,,,多尔安罗斯,,,,守护|航行1
海盗之城,,283,昂巴的海岸,The Coast of Umbar,探险,1a,c79ff551-f816-4106-9c55-e22d175e544c.jpg,1,0,,,,,,,,,,,,
海盗之城,,284,昂巴的海岸,The Coast of Umbar,探险,1b,c79ff551-f816-4106-9c55-e22d175e544c.B.jpg,1,15,,,,,,,,,,,,航行
海盗之城,,285,逐梦者号的命运,Fate of The Dream-chaser,探险,2a,19675b16-16ee-4477-a753-bd1cf7b51b7a.jpg,1,0,,,,,,,,,,,,
海盗之城,,286,逐梦者号的命运,Fate of The Dream-chaser,探险,2b,19675b16-16ee-4477-a753-bd1cf7b51b7a.B.jpg,1,0,,,,,,,,,,,,
海盗之城,,287,昂巴港,The Haven of Umbar,探险,3a,58d90f80-eb1a-46d9-a5c1-2e7b8c5b8451.jpg,1,0,,,,,,,,,,,,
海盗之城,,288,昂巴港,The Haven of Umbar,探险,3b,58d90f80-eb1a-46d9-a5c1-2e7b8c5b8451.B.jpg,1,18,,,,,,,,,,,,
海盗之城,,289,最终对决,Final Confrontation,探险,4a,7b8369b4-cca1-4076-8985-1c7be238ccb0.jpg,1,0,,,,,,,,,,,,
海盗之城,,290,最终对决,Final Confrontation,探险,4b,7b8369b4-cca1-4076-8985-1c7be238ccb0.B.jpg,1,0,,,,,,,,,,,,
乌姆巴尔海岸,乌姆巴尔海岸,291,风暴召唤者,Stormcaller,敌人,,c45dc401-bb07-42ec-ba4c-ee9105a3f349.jpg,1,,20,2,6,6,,18,,海盗|船|独特,10,,,
乌姆巴尔海岸,乌姆巴尔海岸,292,奴隶船,Slave Ship,敌人,,0f7ce386-9510-4fd5-93aa-145190f8d1de.jpg,2,,32,2,7,5,,5,,海盗|船,,,,登船1
乌姆巴尔海岸,乌姆巴尔海岸,293,昂巴奴隶,Umbar Slaver,敌人,,2fd16de8-3286-4003-9978-574738b2a337.jpg,3,,28,2,2,3,,5,,海盗|掠夺者,,,,
乌姆巴尔海岸,乌姆巴尔海岸,294,南贝尔法拉斯湾,Southern Belfalas,地区,,797a1805-f347-4eb3-9f77-5c9e6b6a850f.jpg,2,,,3,,,5,,,海洋|海岸,,,,航行1
乌姆巴尔海岸,乌姆巴尔海岸,295,海盗水域,Corsair Waters,地区,,a3173fc4-1ddb-470d-ae12-a35e24ea63a3.jpg,2,,,4,,,3,,,海洋|海岸,,,,航行1
乌姆巴尔海岸,乌姆巴尔海岸,296,瞭望塔,Watch Tower,地区,,04f24d17-9764-4385-b22c-0e45f6fa5654.jpg,2,,,2,,,3,,,昂巴|海岸,,,,
乌姆巴尔海岸,乌姆巴尔海岸,297,黑蛇之尾,Serpent's Tail,诡计,,86e8724b-32cb-4d63-b918-5754d39d2249.jpg,2,,,,,,,,,,,,,
海盗之城,海盗之城,298,萨伊尔船长,Captain Sahír,敌人,,c354e410-e15a-4999-bb14-696b5e89cee9.jpg,1,,4,6,6,2,,8,,独特|海盗|掠夺者|被腐化的,20,,,
海盗之城,海盗之城,299,被毁坏的纪念碑,The Shattered Monument,地区,,f811f153-81f4-4688-8b4d-400215e6748a.jpg,1,,,4,,,8,,,昂巴|独特,5,,,
海盗之城,海盗之城,300,海盗之城,City of Corsairs,地区,,06badf71-8e85-479e-8ddf-1dec7a40e325.jpg,2,,,X,,,4,,,昂巴|城市,,,,
海盗之城,海盗之城,301,昂巴的街道,Streets of Umbar,地区,,dd394c76-c2b9-4b1c-8948-a056de97b779.jpg,3,,,1,,,5,,,昂巴|城市,,,,
海盗之城,海盗之城,302,昂巴海港,Umbar Harbor,地区,,5c0a0aea-af43-441b-9d7f-86a1dfd09f00.jpg,3,,,4,,,4,,,昂巴|城市,,,,
海盗之城,海盗之城,303,爱克西力昂的劲敌,Foes of Ecthelion,诡计,,720b2482-f69c-4a88-8352-721d854704d2.jpg,2,,,,,,,,,,,,,
海盗之城,海盗之城,303,昂巴巡逻,Umbar Patrol,诡计,,7f0e7969-bca4-48a3-99b5-ba055bd376af.jpg,2,,,,,,,,,,,,,
海盗之城,海盗之城,304,愤怒和怨恨,Fury and Malice,诡计,,b4769083-91fb-4e9c-9736-17e8c28ff971.jpg,3,,,,,,,,,,,,,
伊瑞赫之石,,305,一去不返,The Disappearance,探险,1a,e4af5d7f-9af5-41bb-b22a-cce8b91ac791.jpg,1,0,,,,,,,,,,,,
伊瑞赫之石,,306,一去不返,The Disappearance,探险,1b,e4af5d7f-9af5-41bb-b22a-cce8b91ac791.B.jpg,1,6,,,,,,,,,,,,
伊瑞赫之石,,307,亡者的恐惧,Terror of the Dead,探险,2a,ecc8fd11-b2b9-4adc-91eb-6fcc1212e7ce.jpg,1,0,,,,,,,,,,,,
伊瑞赫之石,,308,亡者的恐惧,Terror of the Dead,探险,2b,ecc8fd11-b2b9-4adc-91eb-6fcc1212e7ce.B.jpg,1,8,,,,,,,,,,,,
伊瑞赫之石,,309,幽冥大军,The Shadow Host,探险,3a,efd4cef9-ce8b-4985-8825-853ba98baa2b.jpg,1,0,,,,,,,,,,,,
伊瑞赫之石,,310,幽冥大军,The Shadow Host,探险,3b,efd4cef9-ce8b-4985-8825-853ba98baa2b.B.jpg,1,14,,,,,,,,,,,,午夜
伊瑞赫之石,伊瑞赫之石,311,迪鲁芬,Derufin,目标|盟友,,f93a8fda-7383-41c9-b86d-c5ba1fec760d.jpg,1,,,,1,1,,2,3,刚铎,,,,
伊瑞赫之石,伊瑞赫之石,312,亡者之王,The Lord of the Dead,敌人,,7b9dd852-ed19-4a00-b09e-f6c2cee549fa.jpg,1,,30,5,6,3,,9,,亡灵|毁誓者|独特,,,,幽灵
伊瑞赫之石,伊瑞赫之石,313,伊瑞赫之石,The Stone of Erech,地区,,822ca699-4763-4b8c-baff-d8d828c002a9.jpg,1,,,X,,,6,,,黑根谷,5,,,
伊瑞赫之石,伊瑞赫之石,314,塔龙之颈,Tarlang's Neck,地区,,88df7c56-ee11-48f0-b6a0-0486e0a8ce92.jpg,1,,,3,,,6,,,黑根谷|路|独特,1,,,
伊瑞赫之石,伊瑞赫之石,315,黄昏,Eventide,目标,,36a22f2b-56d9-4148-a962-f7fbdf60f3a1.jpg,1,,,,,,,,,夜晚,,,,
伊瑞赫之石,伊瑞赫之石,316,日暮,Dusk,目标,,d3c68791-c3f9-4e8d-9515-2496f9ca1895.jpg,1,,,,,,,,,夜晚,,,,
伊瑞赫之石,伊瑞赫之石,317,午夜,Midnight,目标,,0c15f99d-9066-4e7c-b364-104a0083d997.jpg,1,,,,,,,,,,,,,夜晚
伊瑞赫之石,伊瑞赫之石,318,黑暗年代的遗物,Relic from the Dark Years,目标,,7b0eb4e5-962c-4041-baea-3a09a83fb996.jpg,1,,,,,,,,,,,,,午夜
伊瑞赫之石,伊瑞赫之石,319,幽冥人,Shadow-man,敌人,,8ece887c-6ca7-467d-80d4-3f28afa13433.jpg,2,,27,2,4,1,,5,,亡灵|毁誓者,,,,幽灵
伊瑞赫之石,伊瑞赫之石,320,躁动的死者,Restless Dead,敌人,,65f48337-cec0-41a1-84ff-490c4f563ce4.jpg,4,,12,2,3,0,,2,,亡灵|毁誓者,,,,幽灵
伊瑞赫之石,伊瑞赫之石,321,私语者,Whisperer,敌人,,43bb02ff-9fcc-47e8-822c-ffcd620c9fc4.jpg,3,,35,2,2,2,,4,,亡灵|毁誓者,,,,幽灵
伊瑞赫之石,伊瑞赫之石,322,幽冥大军首领,Shadow Host Captain,敌人,,a7d52939-2989-44d2-b81b-571db0ee8c16.jpg,2,,42,3,4,1,,6,,亡灵|毁誓者,,,,幽灵
伊瑞赫之石,伊瑞赫之石,323,悔恨的亡灵,Regretful Shade,敌人,,f079c496-20bf-4ce4-a5ca-d644172d83fe.jpg,3,,23,1,2,1,,3,,亡灵|毁誓者,,,,幽灵|涌现
伊瑞赫之石,伊瑞赫之石,324,摩颂河岸,Banks of Morthond,地区,,14f7c98c-b425-4fac-850a-729d8fcdaa0c.jpg,2,,,2,,,7,,,黑根谷|河地,,,,
伊瑞赫之石,伊瑞赫之石,325,幽冥谷,Vale of Shadows,地区,,c57661b7-62f9-4906-b2eb-73af91fd8252.jpg,2,,,1,,,3,,,黑根谷,,,,
伊瑞赫之石,伊瑞赫之石,326,黑根墓园,Blackroot Graves,地区,,fc54b033-56cc-4ca9-8e0f-7f1c7b82bd6a.jpg,3,,,4,,,1,,,黑根谷,,,,
伊瑞赫之石,伊瑞赫之石,327,丁默山的阴影,Shadow of Dwimorberg,地区,,02cae27a-3b0c-4396-aea3-8fc2bdd4ffe8.jpg,2,,,1,,,4,,,黑根谷|山脉,,,,
伊瑞赫之石,伊瑞赫之石,328,鬼谷,Haunted Valley,地区,,7a3411df-76a0-432b-a64a-d499b0b1ae50.jpg,2,,,2,,,3,,,黑根谷,,,,
伊瑞赫之石,伊瑞赫之石,329,百鬼夜行,Midnight Throng,诡计,,c29c98de-5660-498c-a5cc-a1800985d221.jpg,2,,,,,,,,,,,,,
伊瑞赫之石,伊瑞赫之石,330,恐惧的呢喃,Murmurs of Dread,诡计,,f985bda2-5029-4c34-91f7-721f830cbd9c.jpg,2,,,,,,,,,,,,,
伊瑞赫之石,伊瑞赫之石,331,紧追在后的恐惧,Groping Horror,诡计,,728f17db-d741-4f1b-92da-8aac3d78432d.jpg,2,,,,,,,,,,,,,
伊瑞赫之石,伊瑞赫之石,332,恐惧驱使,Driven by Fear,诡计,,cdf8dee9-b2ac-4e5f-bf4c-0b9c15cac142.jpg,2,,,,,,,,,,,,,
伊瑞赫之石,伊瑞赫之石,333,亡者紧跟在后,The Dead Ride Behind,诡计,,5e7c36de-a2bb-44e3-951b-80123788d571.jpg,2,,,,,,,,,,,,,
伊瑞赫之石,伊瑞赫之石,334,薄暮,The Gloaming,诡计,,d33ef89b-13c9-49b2-a921-a527f27a415a.jpg,2,,,,,,,,,,,,,涌现