系列,遭遇组,编号,卡牌名称,英文名称,类型,探险编号,图片链接,卡牌数量,探险进度,交战值,威胁值,攻击力,防御值,探险点数,生命值,意志值,特性,胜利,准备卡牌,放置一旁,关键字,费用
穿越黑森林,,1,苍蝇与蜘蛛,Flies and Spiders,探险,1a,51223bd0-ffd1-11df-a976-0801200c9119,1,0,,,,,,,,,,森林蜘蛛|老密林路,,,
穿越黑森林,,2,苍蝇与蜘蛛,Flies and Spiders,探险,1b,51223bd0-ffd1-11df-a976-0801200c9119.B,1,8,,,,,,,,,,,,,
穿越黑森林,,3,分岔路,A Fork in the Road,探险,2a,51223bd0-ffd1-11df-a976-0801200c9121,1,0,,,,,,,,,,,,,
穿越黑森林,,4,分岔路,A Fork in the Road,探险,2b,51223bd0-ffd1-11df-a976-0801200c9121.B,1,2,,,,,,,,,,,,,
穿越黑森林,,5,所选之路,A Chosen Fath,探险,3a,51223bd0-ffd1-11df-a976-0801200c9123,1,0,,,,,,,,,,,,,
穿越黑森林,,6,“千万不要离开正路！”,A Chosen Path (Don't Leave the Path),探险,3b,51223bd0-ffd1-11df-a976-0801200c9123.B,1,0,,,,,,,,,,,,,
穿越黑森林,,7,贝奥恩之路,A Chosen Path (Beorn's Path),探险,3b,51223bd0-ffd1-11df-a976-0801200c9123.C,1,10,,,,,,,,,,,,,
穿越黑森林,穿越黑森林,8,森林蜘蛛,Forest Spider,敌人,,51223bd0-ffd1-11df-a976-0801200c9096,4,,25,2,2,1,,4,,生物|蜘蛛,,,,,
穿越黑森林,穿越黑森林,9,东林弯巡逻队,East Bight Patrol,敌人,,51223bd0-ffd1-11df-a976-0801200c9097,1,,5,3,3,1,,2,,奥克|半兽人,,,,,
穿越黑森林,穿越黑森林,10,漆黑森林蝙蝠,Black Forest Bats,敌人,,51223bd0-ffd1-11df-a976-0801200c9098,1,,15,1,1,0,,2,,生物,,,,,
穿越黑森林,穿越黑森林,11,老密林路,Old Forest Road,地区,,51223bd0-ffd1-11df-a976-0801200c9099,2,,,1,,,3,,,森林,,,,,
穿越黑森林,穿越黑森林,12,森林之门,Forest Gate,地区,,51223bd0-ffd1-11df-a976-0801200c9100,2,,,2,,,4,,,森林,,,,,
穿越黑森林,多古尔都兽人,13,多古尔都奥克,Dol Guldur Orcs,敌人,,51223bd0-ffd1-11df-a976-0801200c9089,3,,10,2,2,0,,3,,多古尔都|奥克,,,,,
穿越黑森林,多古尔都兽人,14,乌夫沙克首领,Chieftan Ufthak,敌人,,51223bd0-ffd1-11df-a976-0801200c9090,1,,35,2,3,3,,6,,多古尔都|奥克,,,,,
穿越黑森林,多古尔都兽人,15,多古尔都驯兽师,Dol Guldur Beastmaster,敌人,,51223bd0-ffd1-11df-a976-0801200c9091,2,,35,2,3,1,,5,,多古尔都|奥克,,,,,
穿越黑森林,多古尔都兽人,16,魔影驱使,Driven by Shadow,诡计,,51223bd0-ffd1-11df-a976-0801200c9092,1,,,,,,,,,,,,,,
穿越黑森林,多古尔都兽人,17,死灵法师之触,The Necromancer's Reach,诡计,,51223bd0-ffd1-11df-a976-0801200c9093,3,,,,,,,,,,,,,,
穿越黑森林,多古尔都兽人,18,死灵法师的隘口,Necromancer's Pass,地区,,51223bd0-ffd1-11df-a976-0801200c9094,2,,,3,,,2,,,要塞|多古尔都,,,,,
穿越黑森林,多古尔都兽人,19,魔法小溪,Enchanted Stream,地区,,51223bd0-ffd1-11df-a976-0801200c9095,2,,,2,,,2,,,森林,,,,,
穿越黑森林,黑森林的蜘蛛,20,王蜘蛛,King Spider,敌人,,51223bd0-ffd1-11df-a976-0801200c9074,2,,20,2,3,1,,3,,生物|蜘蛛,,,,,
穿越黑森林,黑森林的蜘蛛,21,蜇刺毒蜂,Hummerhorns,敌人,,51223bd0-ffd1-11df-a976-0801200c9075,1,,40,1,2,0,,3,,生物|昆虫,,,,,
穿越黑森林,黑森林的蜘蛛,22,乌苟立安特的子嗣,Ungoliant's Spawn,敌人,,51223bd0-ffd1-11df-a976-0801200c9076,1,,32,3,5,2,,9,,生物|蜘蛛,,,,,
穿越黑森林,黑森林的蜘蛛,23,密布蛛网的森林,Great Forest Web,地区,,51223bd0-ffd1-11df-a976-0801200c9077,2,,,2,,,2,,,森林,,,,,
穿越黑森林,黑森林的蜘蛛,24,黑森林山脉,Mountains of Mirkwood,地区,,51223bd0-ffd1-11df-a976-0801200c9078,3,,,2,,,3,,,森林|山脉,,,,,
穿越黑森林,黑森林的蜘蛛,25,森林中的眼睛,Eyes of the Forest,诡计,,51223bd0-ffd1-11df-a976-0801200c9079,1,,,,,,,,,,,,,,
穿越黑森林,黑森林的蜘蛛,26,身限蛛网,Caught in a Web,诡计,,51223bd0-ffd1-11df-a976-0801200c9080,2,,,,,,,,,,,,,,
沿河而下,大荒野,27,狼骑兵,Misty Mountain Goblins,敌人,,51223bd0-ffd1-11df-a976-0801200c9081,1,,10,1,2,0,,2,,奥克|半兽人,,,,,
沿河而下,大荒野,28,山区食人妖,Hill Troll,敌人,,51223bd0-ffd1-11df-a976-0801200c9082,2,,30,1,6,3,,9,,食人妖,,,,,
沿河而下,大荒野,29,半兽人射手,Goblin Sniper,敌人,,51223bd0-ffd1-11df-a976-0801200c9083,2,,48,2,2,0,,2,,奥克|半兽人,,,,,
沿河而下,大荒野,30,沼泽蝰蛇,Marsh Adder,敌人,,51223bd0-ffd1-11df-a976-0801200c9084,1,,40,3,4,1,,7,,生物,,,,,
沿河而下,大荒野,31,座狼,Wargs,敌人,,51223bd0-ffd1-11df-a976-0801200c9085,2,,20,2,3,1,,3,,生物,,,,,
沿河而下,大荒野,32,陷入绝望,Despair,诡计,,51223bd0-ffd1-11df-a976-0801200c9086,2,,,,,,,,,,,,,,
沿河而下,大荒野,33,褐地,The Brown Lands,地区,,51223bd0-ffd1-11df-a976-0801200c9087,2,,,5,,,1,,,荒野,,,,,
沿河而下,大荒野,34,东林弯,The East Bight,地区,,51223bd0-ffd1-11df-a976-0801200c9088,2,,,1,,,6,,,荒野,,,,,
沿河而下,,35,来到河边,To the River...,探险,1a,51223bd0-ffd1-11df-a976-0801200c9133,1,0,,,,,,,,,,@每位玩家翻遭遇牌库顶,,,
沿河而下,,36,来到河边,To the River...,探险,1b,51223bd0-ffd1-11df-a976-0801200c9133.B,1,8,,,,,,,,,,,,,
沿河而下,,37,安都因河的航程,Anduin Passage,探险,2a,51223bd0-ffd1-11df-a976-0801200c9135,1,0,,,,,,,,,,,,,
沿河而下,,38,安都因河的航程,Anduin Passage,探险,2b,51223bd0-ffd1-11df-a976-0801200c9135.B,1,16,,,,,,,,,,,,,
沿河而下,,39,岸上的伏击,Ambush on the Shore,探险,3a,51223bd0-ffd1-11df-a976-0801200c9137,1,0,,,,,,,,,,,,,
沿河而下,,40,岸上的伏击,Ambush on the Shore,探险,3b,51223bd0-ffd1-11df-a976-0801200c9137.B,1,0,,,,,,,,,,,,,
沿河而下,沿河而下,41,迷雾山脉半兽人,Misty Mountain Goblins,敌人,,51223bd0-ffd1-11df-a976-0801200c9111,3,,15,2,2,1,,3,,奥克|半兽人,,,,,
沿河而下,沿河而下,42,夜幕中的集结,Massing at Night,诡计,,51223bd0-ffd1-11df-a976-0801200c9112,1,,,,,,,,,,,,,,
沿河而下,沿河而下,43,安都因河岸,Banks of the Anduin,地区,,51223bd0-ffd1-11df-a976-0801200c9113,2,,,1,,,3,,,河岸,,,,,
沿河而下,沿河而下,44,金鸢尾原野,Gladden Fields,地区,,51223bd0-ffd1-11df-a976-0801200c9114,3,,,3,,,3,,,沼地,,,,,
沿河而下,索伦的掌控,45,东方的鸟鸦,Eastern Crows,敌人,,51223bd0-ffd1-11df-a976-0801200c9115,3,,30,1,1,0,,1,,生物,,,,,
沿河而下,索伦的掌控,46,邪恶的风暴,Evil Storm,诡计,,51223bd0-ffd1-11df-a976-0801200c9116,3,,,,,,,,,,,,,,
沿河而下,索伦的掌控,47,魔影追击,Pursued by Shadow,诡计,,51223bd0-ffd1-11df-a976-0801200c9117,2,,,,,,,,,,,,,,
沿河而下,索伦的掌控,48,险恶的迷雾,Treacherous Fog,诡计,,51223bd0-ffd1-11df-a976-0801200c9118,2,,,,,,,,,,,,,,
逃离多古尔都,,49,死灵法师之塔,The Necromancer's Tower,探险,1a,51223bd0-ffd1-11df-a976-0801200c9127,1,0,,,,,,,,,,,,,
逃离多古尔都,,50,死灵法师之塔,The Necromancer's Tower,探险,1b,51223bd0-ffd1-11df-a976-0801200c9127.B,1,9,,,,,,,,,,,,,
逃离多古尔都,,51,穿越洞穴,Through the Caverns,探险,2a,51223bd0-ffd1-11df-a976-0801200c9129,1,0,,,,,,,,,,,,,
逃离多古尔都,,52,穿越洞穴,Through the Caverns,探险,2b,51223bd0-ffd1-11df-a976-0801200c9129.B,1,15,,,,,,,,,,,,,
逃离多古尔都,,53,撤离地牢,Out of the Dungeons,探险,3a,51223bd0-ffd1-11df-a976-0801200c9131,1,0,,,,,,,,,,,,,
逃离多古尔都,,54,撤离地牢,Out of the Dungeons,探险,3b,51223bd0-ffd1-11df-a976-0801200c9131.B,1,7,,,,,,,,,,,,,
逃离多古尔都,逃离多古尔都,55,地牢狱卒,Dungeon Jailor,敌人,,51223bd0-ffd1-11df-a976-0801200c9101,2,,38,1,2,3,,5,,多古尔都|奥克,,,,,
逃离多古尔都,逃离多古尔都,56,多古尔都那兹古尔,Nazgûl of Dol Guldur,敌人,,51223bd0-ffd1-11df-a976-0801200c9102,1,,40,5,4,3,,9,,那兹古尔,,,,,
逃离多古尔都,逃离多古尔都,57,洞穴守卫,Cavern Guardian,敌人,,51223bd0-ffd1-11df-a976-0801200c9103,2,,8,2,2,1,,2,,亡灵,,,,,
逃离多古尔都,逃离多古尔都,58,魔影笼罩,Under the Shadow,诡计,,51223bd0-ffd1-11df-a976-0801200c9104,2,,,,,,,,,,,,,,
逃离多古尔都,逃离多古尔都,59,铁镣铐,Iron Shackles,诡计,,51223bd0-ffd1-11df-a976-0801200c9105,1,,,,,,,,,,,,,,
逃离多古尔都,逃离多古尔都,60,无尽的洞穴,Endless Caverns,地区,,51223bd0-ffd1-11df-a976-0801200c9106,2,,,1,,,3,,,地牢,,,,,
逃离多古尔都,逃离多古尔都,61,塔楼大门,Tower Gate,地区,,51223bd0-ffd1-11df-a976-0801200c9107,2,,,2,,,1,,,地牢,,,,,
逃离多古尔都,逃离多古尔都,62,甘道夫的地图,Gandalf's Map,目标,,51223bd0-ffd1-11df-a976-0801200c9108,1,,,,,,,,,物品,,,,,
逃离多古尔都,逃离多古尔都,63,地牢火炬,Dungeon Torch,目标,,51223bd0-ffd1-11df-a976-0801200c9109,1,,,,,,,,,物品,,,,,
逃离多古尔都,逃离多古尔都,64,魔影钥匙,Shadow Key,目标,,51223bd0-ffd1-11df-a976-0801200c9110,1,,,,,,,,,物品,,,,,
贝磊勾斯特的废墟,,65,第一纪元的废墟,Ruins of the First Age,探险,1a,f8a95ed4-415f-41a2-90db-ce8de7071883.jpg,1,0,,,,,,,,,,废墟中潜行|@每位玩家废弃的矿坑,纳乌尔路赫|纳乌尔路赫的巢穴|贝磊勾斯特之剑|深水潜伏者,,
贝磊勾斯特的废墟,,66,第一纪元的废墟,Ruins of the First Age,探险,1b,f8a95ed4-415f-41a2-90db-ce8de7071883.B.jpg,1,6,,,,,,,,,,,,,
贝磊勾斯特的废墟,,67,被打扰的远古邪恶,Ancient Evils Disturbed,探险,2a,8f449385-efbb-4f99-b0c6-984e7b522674.jpg,1,0,,,,,,,,,,,,,
贝磊勾斯特的废墟,,68,被打扰的远古邪恶,Ancient Evils Disturbed,探险,2b,8f449385-efbb-4f99-b0c6-984e7b522674.B.jpg,1,9,,,,,,,,,,,,,
贝磊勾斯特的废墟,,69,深入旧城,Deeper into the Past (C),探险,2c,4f03a84f-6665-435f-aa3a-5002c835d13b.jpg,1,0,,,,,,,,,,,,,
贝磊勾斯特的废墟,,70,深入旧城,Deeper into the Past (C),探险,2d,4f03a84f-6665-435f-aa3a-5002c835d13b.B.jpg,1,9,,,,,,,,,,,,,
贝磊勾斯特的废墟,,71,魔苟斯的仆从,The Servants of Morgoth,探险,3a,70494c1c-405f-481a-b330-12643c80587e.jpg,1,0,,,,,,,,,,,,,
贝磊勾斯特的废墟,,72,魔苟斯的仆从,The Servants of Morgoth,探险,3b,70494c1c-405f-481a-b330-12643c80587e.B.jpg,1,6,,,,,,,,,,,,,
贝磊勾斯特的废墟,,73,伊瑞德隆山脚,The Roots of Ered Luin (C),探险,3c,6d6d2d0f-7672-4f92-bb07-6a764f655306.jpg,1,0,,,,,,,,,,,,,
贝磊勾斯特的废墟,,74,伊瑞德隆山脚,The Roots of Ered Luin (C),探险,3d,6d6d2d0f-7672-4f92-bb07-6a764f655306.B.jpg,1,6,,,,,,,,,,,,,
贝磊勾斯特的废墟,,75,贝磊勾斯特矿洞,The Mines of Belegost (E),探险,3e,0eb36ad6-db76-4e69-b77c-77ff7da8661d.jpg,1,0,,,,,,,,,,,,,
贝磊勾斯特的废墟,,76,贝磊勾斯特矿洞,The Mines of Belegost (E),探险,3f,0eb36ad6-db76-4e69-b77c-77ff7da8661d.B.jpg,1,6,,,,,,,,,,,,,
贝磊勾斯特的废墟,,77,贝磊勾斯特的野兽,The Beast of Belegost,探险,4a,f5a08708-ed75-45a0-91a1-59e10eeebfc9.jpg,1,0,,,,,,,,,,,,,
贝磊勾斯特的废墟,,78,贝磊勾斯特的野兽,The Beast of Belegost,探险,4b,f5a08708-ed75-45a0-91a1-59e10eeebfc9.B.jpg,1,0,,,,,,,,,,,,,
贝磊勾斯特的废墟,贝磊勾斯特的废墟,79,废墟中潜行,Stalking the Ruins,目标,,536cee93-e3d5-42fd-8182-0a939fd19f46.jpg,1,,,,,,,,,,,,,,
贝磊勾斯特的废墟,贝磊勾斯特的废墟,80,贝磊勾斯特之剑,Sword of Belegost,目标,,7bae4f1a-42b7-46ab-bfbb-0078ed0842a4.jpg,1,,,,,,,,,宝物.物品.武器,,,,,
贝磊勾斯特的废墟,贝磊勾斯特的废墟,81,伊瑞德隆地图,Map of Ered Luin,目标,,fd1ed69d-287a-49bc-973c-93216ab4d674.jpg,1,,,,,,,,,宝物.物品,,,,,
贝磊勾斯特的废墟,贝磊勾斯特的废墟,82,贝磊勾斯特的钥匙,Keys of Belegost,目标,,adeb3985-c342-4d9e-acd6-2c7cf35dafe6.jpg,1,,,,,,,,,宝物.物品,,,,,
贝磊勾斯特的废墟,贝磊勾斯特的废墟,83,奥力子民之书,Book of Aulë's Children,目标,,3c1bea1f-80b7-4857-9d0b-489376d4abab.jpg,1,,,,,,,,,宝物.物品,,,,,
贝磊勾斯特的废墟,贝磊勾斯特的废墟,84,矮人火炬,Dwarven Torch,目标,,8e15ba46-125f-44fc-b67b-6006b96b20ea.jpg,1,,,,,,,,,宝物.物品,,,,,
贝磊勾斯特的废墟,贝磊勾斯特的废墟,85,蓝山宝石,Blue Mountain Gem,目标,,54665391-02fa-4402-b7ea-2f8b5aa95a57.jpg,1,,,,,,,,,宝物.物品,,,,,
贝磊勾斯特的废墟,贝磊勾斯特的废墟,86,纳乌尔路赫,Naurlhûg,敌人,,9d65d755-9d41-47d8-84f5-ea725fba1d2f.jpg,1,,20,x,7,5,,20,,龙,7,,,,
贝磊勾斯特的废墟,贝磊勾斯特的废墟,87,深水潜伏者,Lurker of the Depths,敌人,,415e5671-e9fa-458e-bc46-e9f869bee87f.jpg,1,,50,4,5,2,,12,,生物,5,,,,
贝磊勾斯特的废墟,贝磊勾斯特的废墟,88,无名的洞穴居住者,Nameless Cave Dweller,敌人,,f3efc356-9e7d-40e3-a8ff-0ad47d8b9d67.jpg,4,,35,x,x,x,,5,,无名者.险阻,,,,,
贝磊勾斯特的废墟,贝磊勾斯特的废墟,89,古老的石巨魔,Old Stone Troll,敌人,,6e42b5b8-c708-4f2e-a483-4984db0d1084.jpg,2,,50,3,6,3,,8,,巨魔.险阻,,,,,
贝磊勾斯特的废墟,贝磊勾斯特的废墟,90,伊瑞德隆的半兽人,Orc of Ered Luin,敌人,,4c9ac5bd-1653-400c-9cd0-4da685da5c15.jpg,3,,30,2,4,2,,4,,半兽人,,,,,
贝磊勾斯特的废墟,贝磊勾斯特的废墟,91,蓝山地精,Blue Mountain Goblin,敌人,,796c0aee-2aea-4999-931d-253fafe7fb26.jpg,3,,25,1,3,2,,3,,半兽人.地精,,,,,
贝磊勾斯特的废墟,贝磊勾斯特的废墟,92,纳乌尔路赫的巢穴,Naurlhûg's Lair,地区,,10dc0c5d-a434-4d77-a06f-5ed0c1d4ac46.jpg,1,,,4,,,6,,,地底,4,,,,
贝磊勾斯特的废墟,贝磊勾斯特的废墟,93,废弃的矿坑,Abandoned Mine,地区,,51a1050d-f8d5-48aa-8f96-ef96e1e836da.jpg,4,,,2,,,3,,,地底,,,,,
贝磊勾斯特的废墟,贝磊勾斯特的废墟,94,淹没的大厅,Flooded Hall,地区,,687ca930-b64c-4a5c-b6a3-bc3b12d8641d.jpg,2,,,4,,,4,,,地底,,,,,
贝磊勾斯特的废墟,贝磊勾斯特的废墟,95,黑暗的通道,Darkened Tunnel,地区,,3d948840-8118-4d63-b782-ba017e1cf5d5.jpg,2,,,3,,,3,,,地底,,,,,
贝磊勾斯特的废墟,贝磊勾斯特的废墟,96,沉没的宝库,Sunken Treasury,地区,,4d67feae-9070-4ed6-8b1a-3ddc3569e73a.jpg,3,,,1,,,4,,,地底,,,,,
贝磊勾斯特的废墟,贝磊勾斯特的废墟,97,密室,Secret Chamber,地区,,52248807-32d1-422b-b4b2-01097405e49f.jpg,3,,,3,,,2,,,地底.险阻,,,,,
贝磊勾斯特的废墟,贝磊勾斯特的废墟,98,黑暗中的回声,Echoes in the Dark,诡计,,cf6114ac-f795-4085-b135-4cca76fb8608.jpg,3,,,,,,,,,,,,,,
贝磊勾斯特的废墟,贝磊勾斯特的废墟,99,安戈洛坠姆的末裔,Spawn of Thangorodrim,诡计,,a9502ae6-2df9-419a-b562-43550926cd73.jpg,2,,,,,,,,,,,,,,
贝磊勾斯特的废墟,贝磊勾斯特的废墟,100,暗钉,Concealed Spikes,诡计,,3d7adc18-c9cb-4e93-8b1e-1574747ba8ce.jpg,2,,,,,,,,,险阻,,,,,
贝磊勾斯特的废墟,贝磊勾斯特的废墟,101,掩盖的矿坑,Covered Pit,诡计,,fba9d635-eeba-4cc1-b9fb-d6666a3a1cdf.jpg,2,,,,,,,,,险阻,,,,,
横渡贝烈盖尔海,,102,从海港启程,Departure from the Havens,探险,1a,007721bf-3e80-4857-aaf4-aabb65d1827d.jpg,1,0,,,,,,,,,,巨浪滔天|侦察船,,,
横渡贝烈盖尔海,,103,从海港启程,Departure from the Havens,探险,1b,007721bf-3e80-4857-aaf4-aabb65d1827d.B.jpg,1,8,,,,,,,,,3,,,航行,
横渡贝烈盖尔海,,104,深入风暴,Into the Storm,探险,2a,25940aea-cc56-43bf-a8d6-f9d349b0c01f.jpg,1,0,,,,,,,,,,,,,
横渡贝烈盖尔海,,105,深入风暴,Into the Storm,探险,2b,25940aea-cc56-43bf-a8d6-f9d349b0c01f.B.jpg,1,2,,,,,,,,,3,,,航行,
横渡贝烈盖尔海,,106,被诅咒的迷雾,Cursed Mists,探险,2a,aede410a-9d4c-4abd-9f55-143f5027f9c4.jpg,1,0,,,,,,,,,,,,,
横渡贝烈盖尔海,,107,被诅咒的迷雾,Cursed Mists,探险,2b,aede410a-9d4c-4abd-9f55-143f5027f9c4.B.jpg,1,6,,,,,,,,,3,,,航行,
横渡贝烈盖尔海,,108,星辰的指引,Calphon's Divination,探险,2a,b77620fa-89a8-4f09-8552-ba4204e472d2.jpg,1,0,,,,,,,,,,,,,
横渡贝烈盖尔海,,109,星辰的指引,Calphon's Divination,探险,2b,b77620fa-89a8-4f09-8552-ba4204e472d2.B.jpg,1,4,,,,,,,,,3,,,航行,
横渡贝烈盖尔海,,110,卡冯的预言,The Star's Guidance,探险,2a,e1001736-68fc-4e7b-a7df-23230876eb92.jpg,1,0,,,,,,,,,,,,,
横渡贝烈盖尔海,,111,卡冯的预言,The Star's Guidance,探险,2b,e1001736-68fc-4e7b-a7df-23230876eb92.B.jpg,1,4,,,,,,,,,3,,,航行,
横渡贝烈盖尔海,,112,海盗追击,Corsair Pursuit,探险,3a,abeec7e9-ccf6-4145-ae1a-d7179c5a4b4d.jpg,1,0,,,,,,,,,,,,,
横渡贝烈盖尔海,,113,海盗追击,Corsair Pursuit,探险,3b,abeec7e9-ccf6-4145-ae1a-d7179c5a4b4d.B.jpg,1,10,,,,,,,,,,,,航行,
横渡贝烈盖尔海,横渡贝烈盖尔海,114,侦察船,Scouting Ship,敌人,,16361c0e-f422-44d4-8f25-bc32b7a9aadd.jpg,3,,35,2,5,2,,7,,海盗|船,,,,登船1,
横渡贝烈盖尔海,横渡贝烈盖尔海,115,星辰大海,Starlit Sea,地区,,b640a0b7-f23e-4859-96fb-b558274b90a8.jpg,2,,,3,,,2,,,海洋,,,,航行1,
横渡贝烈盖尔海,横渡贝烈盖尔海,116,雾角,Fog Bank,地区,,edfe479c-dc2b-43d0-9d4b-708e96320748.jpg,2,,,2,,,5,,,海洋,,,,,
努曼诺尔的命运,,117,探索岛屿,Explore the Island,探险,1a,05bf91b3-8e8e-4a45-a6cf-ac8b936b032d.jpg,1,0,,,,,,,,,,,,,
努曼诺尔的命运,,118,探索岛屿,Explore the Island,探险,1b,05bf91b3-8e8e-4a45-a6cf-ac8b936b032d.B.jpg,1,20,,,,,,,,,,,,,
努曼诺尔的命运,,119,重大发现,A Fateful Discovery,探险,1a,97584fc2-835e-411c-aae3-eb841c90fc43.jpg,1,0,,,,,,,,,,,,,
努曼诺尔的命运,,120,重大发现,A Fateful Discovery,探险,1b,97584fc2-835e-411c-aae3-eb841c90fc43.B.jpg,1,0,,,,,,,,,,,,,
努曼诺尔的命运,努曼诺尔的命运,121,魔苟斯祭坛,Shrine to Morgoth,地区,,26642db7-c3a2-47f3-989d-27396e586d06.B.jpg,1,,,5,,,8,,,废墟,,,,未知,
努曼诺尔的命运,努曼诺尔的命运,122,失落的岛屿,Lost Island,地区,,26642db7-c3a2-47f3-989d-27396e586d06.jpg,-,,,2,,,-,,,,,,,,
努曼诺尔的命运,努曼诺尔的命运,123,卡冯,Calphon,目标|盟友,,24a816f2-172f-4945-8d9b-21eb7fb68263.jpg,1,,,,0,1,,3,1,刚铎|贵族,,,,,
努曼诺尔的命运,努曼诺尔的命运,124,欺诈者的仆从,Servant of the Deceiver,敌人,,7a2f15bc-d05d-4891-9558-02396affc32b.jpg,3,,35,3,3,4,,3,,亡灵,,,,,
努曼诺尔的命运,努曼诺尔的命运,125,茂密的丛林,Lush Jungle,地区,,c7bb88f6-a6b7-44f3-8bc2-8c4be788e7da.B.jpg,2,,,4,,,,4,,森林,,,,未知,
努曼诺尔的命运,努曼诺尔的命运,126,禁闭海岸,Forbidden Coast,地区,,b1f8c611-99a3-4bab-9805-832853d52d4d.B.jpg,2,,,1,,,,6,,海岸,,,,未知,
努曼诺尔的命运,努曼诺尔的命运,127,险峻的高原,Steep Plateau,地区,,8830070b-b918-4b74-8dfb-dced3866e53b.jpg,3,,,1,,,,3,,海岸,,,,,
努曼诺尔的命运,努曼诺尔的命运,128,神秘的雾气,Mysterious Fog,诡计,,b0a1f83b-f1b0-4945-afc8-91a1c25063e2.jpg,2,,,,,,,,,,,,,,
努曼诺尔的命运,努曼诺尔的命运,129,挥之不去的恶意,Lingering Malevolence,诡计,,b03a007c-42bc-433c-bd0e-efbf65a8696d.jpg,2,,,,,,,,,,,,,,
努曼诺尔的命运,努曼诺尔的命运,130,古代废墟,Ruins of Ages Past,诡计,,92fec8c5-53e7-477a-9c47-8d97578bc1e7.jpg,2,,,,,,,,,,,,,,
突袭灰港岸,,131,海盗的强袭,The Corsairs' Assault,探险,1a,fab58a26-eaa6-4e6b-aa59-575bab8a2599.jpg,1,0,,,,,,,,,,,,,
突袭灰港岸,,132,海盗的强袭,The Corsairs' Assault,探险,1b,fab58a26-eaa6-4e6b-aa59-575bab8a2599.B.jpg,1,18,,,,,,,,,,,,,
突袭灰港岸,,133,萨伊尔的推进,Sahír's Advance,探险,2a,7c5f503a-61aa-4f12-acdf-e52fc51e295f.jpg,1,0,,,,,,,,,,,,,
突袭灰港岸,,134,萨伊尔的推进,Sahír's Advance,探险,2b,7c5f503a-61aa-4f12-acdf-e52fc51e295f.B.jpg,1,0,,,,,,,,,,,,,
突袭灰港岸,突袭灰港岸,135,海港在燃烧,The Havens Burn,目标,,6302e603-fade-43b3-a6b3-235af412fdfa.jpg,1,,,,,,,,,,,,,,
突袭灰港岸,突袭灰港岸,136,逐梦者号,Dream-chaser,地区,,c792fec6-5840-4aba-8dcd-36b1632d58fa.jpg,1,,,2,,,,,,灰港岸,,,,燃烧12,
突袭灰港岸,突袭灰港岸,137,海盗纵火者,Corsair Arsonist,敌人,,cedfcb4c-9f28-46c6-b6ec-7986be79f7b1.jpg,3,,28,2,2,1,,3,,海盗,,,,,
突袭灰港岸,突袭灰港岸,138,萨伊尔的破坏者,Sahír's Ravager,敌人,,4893d105-fada-4bee-a4bb-d26463b97b63.jpg,3,,36,3,4,3,,5,,海盗|掠夺者,,,,,
突袭灰港岸,突袭灰港岸,139,米斯龙德港,Mithlond Harbor,地区,,766735f8-3b17-4b50-aee3-a869837f986c.jpg,2,,,1,,,2,,,灰港岸,,,,,
突袭灰港岸,突袭灰港岸,140,燃烧的码头,Burning Piers,地区,,c69c1fe9-076a-4a5b-8388-9f653015d84d.jpg,2,,,1,,,3,,,灰港岸,,,,燃烧5,
突袭灰港岸,突袭灰港岸,141,被掠夺的船,Pillaged Ship,地区,,a961751d-414b-4a53-9da4-5708f8b7bb1f.jpg,2,,,2,,,4,,,灰港岸|船,,,,燃烧5,
突袭灰港岸,突袭灰港岸,142,白船,White Ship,地区,,7fa34ed7-6c3d-41a2-9c03-d8a766a35ece.jpg,2,,,4,,,6,,,灰港岸|船,,,,燃烧4,
突袭灰港岸,突袭灰港岸,143,精灵御风者,Elven Wave-runner,地区,,af53407e-c51f-4b41-bd25-312f681149e1.jpg,2,,,3,,,3,,,灰港岸|船,3,,,燃烧3,
突袭灰港岸,突袭灰港岸,144,精灵快船,Elven Caravel,地区,,25eb1da3-b559-4e47-ae20-e6096a8cbc96.jpg,2,,,3,,,5,,,灰港岸|船,,,,燃烧4,
突袭灰港岸,突袭灰港岸,145,付之一炬,Put to the Torch,诡计,,91143aee-41e7-4cac-8ec2-e112689fcc17.jpg,2,,,,,,,,,,,,,,
突袭灰港岸,突袭灰港岸,146,大火蔓延,The Fires Spread,诡计,,76a512ea-3a6a-4c99-8c29-d980dea802ff.jpg,2,,,,,,,,,,,,,,
浩瀚海洋,浩瀚海洋,147,平静的海面,Calm Waters,地区,,1e5d3385-4362-4e76-91fc-30e5aebab5e2.jpg,2,,,1,,,4,,,海洋,,,,航行2,
浩瀚海洋,浩瀚海洋,148,巨浪滔天,Rolling Seas,地区,,ec2f100d-22c8-4cc6-82d9-fb4f07446b0f.jpg,3,,,4,,,3,,,海洋,,,,航行1,
浩瀚海洋,浩瀚海洋,149,偏离正轨,Thrown Off Course,诡计,,4f4df8ea-7f18-4a76-85b0-7ece828bb837.jpg,2,,,,,,,,,,,,,航行1,
风暴天气,风暴天气,150,汹涌的海面,Rough Waters,地区,,2b3973f5-e6f6-4611-87b7-b6e3dc33eb66.jpg,2,,,2,,,3,,,海洋,,,,,
风暴天气,风暴天气,151,海龙卷,Waterspout,地区,,4d925556-3a39-4e49-aafa-0adac6cacc52.jpg,2,,,2,,,4,,,海洋,,,,,
风暴天气,风暴天气,152,突来暴风,Sudden Storms,诡计,,7691fb33-603e-4460-9f09-5f96bc05c2bb.jpg,3,,,,,,,,,天气,,,,,
风暴天气,风暴天气,153,愤怒之风,Winds of Wrath,诡计,,71d7dd78-a967-43dd-ab73-e46a5d4d4519.jpg,2,,,,,,,,,天气,,,,航行1,
乌姆巴尔舰队,乌姆巴尔舰队,154,轻型巡洋舰,Light Cruiser,敌人,,c1273c2f-a616-45ee-804d-a16c28b6e63d.jpg,2,,37,4,6,5,,7,,海盗|船,,,,登船2,
乌姆巴尔舰队,乌姆巴尔舰队,155,海盗战船,Corsair Warship,敌人,,a312e181-9209-4460-b6ba-c90c99e011fe.jpg,2,,44,3,8,4,,9,,海盗|船,6,,,登船3,
乌姆巴尔舰队,乌姆巴尔舰队,156,登船小队,Boarding Party,诡计,,28ba7c20-b660-40cb-9e2c-bf6ebaec723e.jpg,2,,,,,,,,,,,,,,
海盗,海盗,157,南方的水手,Southron Sailor,敌人,,b171f1fa-a603-43ab-97c9-f950ee3b3599.jpg,2,,28,0,2,1,,4,,海盗,,,,,
海盗,海盗,158,狡猾的海盗,Cunning Pirate,敌人,,4d85bbe6-1bc7-4890-8974-e42e2d0f9431.jpg,3,,36,1,2,2,,4,,海盗|掠夺者,,,,,
海盗,海盗,159,邪恶的掠夺者,Vicious Marauder,敌人,,2362af02-42b8-43fe-b3b6-f11f011b3197.jpg,2,,12,2,3,3,,3,,海盗|掠夺者,,,,,
海盗,海盗,160,昂巴船长,Umbar Captain,敌人,,27bdece4-dfac-438e-87cd-1dc653eab8d6.jpg,2,,40,4,5,3,,5,,海盗,,,,,
海盗掠夺者,海盗掠夺者,161,昂巴掠夺者,Umbar Raider,敌人,,d03bdefa-cc39-43b6-9af9-feeb33858958.jpg,3,,24,2,3,2,,4,,海盗|掠夺者,,,,,
海盗掠夺者,海盗掠夺者,162,海盗潜入者,Corsair Infiltrator,敌人,,d7885efa-3af6-48e6-8eb1-5750892fdb34.jpg,2,,16,2,3,3,,2,,海盗|掠夺者,,,,,
海盗掠夺者,海盗掠夺者,163,掠夺队头目,Raid Leader,敌人,,4b3a4229-eb85-49b0-9f34-78cb17301b34.jpg,2,,40,3,5,1,,5,,海盗|掠夺者,,,,,
海盗掠夺者,海盗掠夺者,164,老练战士,Battle-Hardened,诡计,,c057b0ef-eb85-4afc-9ca8-60a0cca92bcc.jpg,2,,,,,,,,,,,,,,
溺水的死者,溺水的死者,165,淹死鬼,Drowned Dead,敌人,,79d5dc52-cfee-49f9-8a3d-1d4a7a749af2.jpg,3,,32,2,4,3,,3,,亡灵,,,,,
溺水的死者,溺水的死者,166,无魂死尸,Soulless Cadaver,敌人,,69a3ace6-7588-4ec4-91de-780b56502d8a.jpg,2,,38,3,3,2,,4,,亡灵,,,,,
溺水的死者,溺水的死者,167,成群的不忠者,Throngs of Unfaithful,敌人,,159f5a8f-1e1f-4282-9936-94b10e348176.jpg,2,,26,1,2,0,,4,,亡灵,,,,涌动,
溺水的死者,溺水的死者,168,堕落者的诅咒,Curse of the Downfallen,诡计,,ab5fec4c-b353-47e5-ae47-db7daf7f9088.jpg,2,,,,,,,,,,,,,,
努门诺尔废墟,努门诺尔废墟,169,被水漫的废墟,Flooded Ruins,地区,,fb5e0cb9-914f-49ee-8e21-534e89bc5533.jpg,2,,,3,,,5,,,废墟,,,,未知,
努门诺尔废墟,努门诺尔废墟,170,被淹没的坟墓,Drowned Graves,地区,,d7ef4ad0-93f1-4c03-a04b-cdfe6339eb41.jpg,2,,,2,,,2,,,废墟,,,,未知,
努门诺尔废墟,努门诺尔废墟,171,被诅咒的神庙,Cursed Temple,地区,,201569b2-d203-4a2a-b3e4-5dd396b8341a.jpg,2,,,1,,,3,,,废墟,,,,未知,
努门诺尔废墟,努门诺尔废墟,172,漫无目的的游荡,Aimless Wandering,诡计,,a8918c80-f092-4649-bb5c-9f7fde3cef75.jpg,3,,,,,,,,,,,,,,
风暴召唤者精英,风暴召唤者精英,173,萨伊尔船长,Captain Sahír,敌人,,97bf780d-cd76-492f-a970-37f78273c5bb.jpg,1,,4,6,6,2,,5,,海盗|掠夺者,6,,,,
风暴召唤者精英,风暴召唤者精英,174,萨伊尔船长,Captain Sahír,目标|盟友,,97bf780d-cd76-492f-a970-37f78273c5bb.B.jpg,1,,,,0,2,,5,0,海盗|掠夺者,,,,,
风暴召唤者精英,风暴召唤者精英,175,娜阿西雅,Na'asiyah,敌人,,f0d30258-7122-4004-a689-9ff50a00b3af.jpg,1,,8,1,2,2,,4,,海盗|掠夺者,4,,,,
风暴召唤者精英,风暴召唤者精英,176,娜阿西雅,Na'asiyah,目标|盟友,,f0d30258-7122-4004-a689-9ff50a00b3af.B.jpg,1,,,,2,2,,4,1,海盗|掠夺者,,,,,
逐梦者舰队,逐梦者舰队,177,逐梦者号,Dream-chaser,船|目标,,07a8f60f-926c-4342-bf04-e3af9a24df10.jpg,1,,,,4,4,,18,5,灰港岸|船,,,,警戒,
逐梦者舰队,逐梦者舰队,178,黎明之星号,Dawn Star,船|目标,,81632d10-625e-42f0-9e6b-09574a9ffbc3.jpg,1,,,,3,4,,16,3,灰港岸|船,,,,警戒,
逐梦者舰队,逐梦者舰队,179,纳瑞兰雅号,Nárelenya,船|目标,,32db1af6-e214-4958-9ca4-bdf3a73758b5.jpg,1,,,,3,5,,16,3,灰港岸|船,,,,警戒,
逐梦者舰队,逐梦者舰队,180,银翼号,Silver Wing,船|目标,,c9139d8c-0d9d-4d34-bfb5-8d40ca455bfc.jpg,1,,,,4,2,,14,2,灰港岸|船,,,,警戒|远攻,
追击风暴召唤者,,181,迅速撤离,Swift Departure,探险,1a,4489214b-775c-4e63-b8ec-c504526e478f.jpg,1,0,,,,,,,,,,,,,
追击风暴召唤者,,182,迅速撤离,Swift Departure,探险,1b,4489214b-775c-4e63-b8ec-c504526e478f.B.jpg,1,8,,,,,,,,,,,,航行,
追击风暴召唤者,,183,全速前进！,Full Sail Ahead!,探险,2a,315ddd38-e50f-4db0-8e5c-8030998e4f7f.jpg,1,0,,,,,,,,,,,,,
追击风暴召唤者,,184,全速前进！,Full Sail Ahead!,探险,2b,315ddd38-e50f-4db0-8e5c-8030998e4f7f.B.jpg,1,12,,,,,,,,,,,,航行,
追击风暴召唤者,,185,天气转坏,The Weather Turns Foul,探险,3a,0700c66d-3fe6-4619-9512-edb0241e6203.jpg,1,0,,,,,,,,,,,,,
追击风暴召唤者,,186,天气转坏,The Weather Turns Foul,探险,3b,0700c66d-3fe6-4619-9512-edb0241e6203.B.jpg,1,18,,,,,,,,,,,,航行,
追击风暴召唤者,,187,安德拉斯角,The Cape of Andrast,探险,4a,4576db5c-fdc2-45f2-ac8b-d1edb8150678.jpg,1,0,,,,,,,,,,,,,
追击风暴召唤者,,188,安德拉斯角,The Cape of Andrast,探险,4b,4576db5c-fdc2-45f2-ac8b-d1edb8150678.B.jpg,1,24,,,,,,,,,,,,航行,
追击风暴召唤者,,189,全速前进！,Full Sail Ahead! c,探险,2c,39df5c92-f79e-4d39-b8a3-f93631e183db.jpg,1,0,,,,,,,,,,,,,
追击风暴召唤者,,190,全速前进！,Full Sail Ahead! c,探险,2d,39df5c92-f79e-4d39-b8a3-f93631e183db.B.jpg,1,12,,,,,,,,,,,,,
追击风暴召唤者,,191,天气转坏,The Weather Turns Foul c,探险,3c,c7bcb6fc-dde8-4df0-bd0e-3791b0fef4d0.jpg,1,0,,,,,,,,,,,,,
追击风暴召唤者,,192,天气转坏,The Weather Turns Foul c,探险,3d,c7bcb6fc-dde8-4df0-bd0e-3791b0fef4d0.B.jpg,1,18,,,,,,,,,,,,,
追击风暴召唤者,,193,安德拉斯角,The Cape of Andrast c,探险,4c,076e69c7-156b-46ef-8d11-d6a659da68b2.jpg,1,0,,,,,,,,,,,,,
追击风暴召唤者,,194,安德拉斯角,The Cape of Andrast c,探险,4d,076e69c7-156b-46ef-8d11-d6a659da68b2.B.jpg,1,24,,,,,,,,,,,,,
追击风暴召唤者,追击风暴召唤者,195,风暴召唤者,The Stormcaller,敌人,,3065a397-5346-4148-8e0a-47009fe9b87d.jpg,1,,50,2,6,6,,18,,海盗|船,10,,,登船2,
追击风暴召唤者,追击风暴召唤者,196,萨伊尔的护卫舰,Sahír's Escort,敌人,,3de80480-6316-4c43-824c-44d3ad424a7b.jpg,3,,46,2,4,3,,6,,海盗|船,,,,登船1,
追击风暴召唤者,追击风暴召唤者,197,迅捷掠夺者,Swift Raider,敌人,,c084e998-a5c8-4efd-a6ed-441f9f912c99.jpg,2,,38,3,5,4,,8,,海盗|船,,,,登船2,
追击风暴召唤者,追击风暴召唤者,198,海盗小船,Corsair Skiff,敌人,,47afd15f-ffe3-4a90-9128-f2a79ba3b070.jpg,2,,24,1,2,2,,5,,海盗|船,,,,涌现|航行1,
追击风暴召唤者,追击风暴召唤者,199,海盗航海家,Corsair Seafarer,敌人,,cac948bb-b3dc-423d-8082-340e2596d623.jpg,2,,26,2,2,2,,3,,海盗|掠夺者,,,,,
追击风暴召唤者,追击风暴召唤者,200,黑蛇之剑,Serpent's Blade,敌人,,3309e01a-db7f-4754-bd41-21a0b4316415.jpg,2,,10,3,3,3,,4,,海盗,,,,,
追击风暴召唤者,追击风暴召唤者,201,锯齿暗礁,Jagged Reef,地区,,72b4cfd3-457b-4574-b638-c0fcce49dd68.jpg,2,,,1,,,4,,,海岸|海洋,,,,涌现,
追击风暴召唤者,追击风暴召唤者,202,隐蔽的海湾,Hidden Cove,地区,,595c34f1-60e3-401a-bd65-df6dda627896.jpg,2,,,3,,,3,,,海岸|海洋,,,,,
追击风暴召唤者,追击风暴召唤者,203,广阔的海岸,Vast Coastland,地区,,cf070c26-dd32-4ee8-bd6c-ffe9c011bd64.jpg,2,,,6,,,4,,,海岸|海洋,,,,航行1,
追击风暴召唤者,追击风暴召唤者,204,有人落水！,Man Overboard!,诡计,,962991f0-44af-47ba-9ff0-0f7ed302a543.jpg,2,,,,,,,,,,,,,,
追击风暴召唤者,追击风暴召唤者,205,肆虐的风暴,Raging Squall,诡计,,076b47e8-6bbe-41b3-9af8-edeca28e2c0c.jpg,2,,,,,,,,,天气,,,,厄运2,
深海之物,,206,拿下敌船！,Take the Ship!,探险,1a,cfa94470-c25c-4af3-ba71-941d1fa48a9c.jpg,1,0,,,,,,,,,,,,,
深海之物,,207,拿下敌船！,Take the Ship!,探险,1b,cfa94470-c25c-4af3-ba71-941d1fa48a9c.B.jpg,1,4,,,,,,,,,,,,,
深海之物,,208,计划改变,Change of Plans,探险,2a,de744bed-1461-4442-b9a1-193d00fd39a3.jpg,1,0,,,,,,,,,,,,,
深海之物,,209,计划改变,Change of Plans,探险,2b,de744bed-1461-4442-b9a1-193d00fd39a3.B.jpg,1,0,,,,,,,,,,,,,
深海之物,,210,守卫船只！,Defend the Ship!,探险,3a,81779961-8776-4c1d-953d-ed7bf1324fbf.jpg,1,0,,,,,,,,,,,,,
深海之物,,211,守卫船只！,Defend the Ship!,探险,3b,81779961-8776-4c1d-953d-ed7bf1324fbf.B.jpg,1,0,,,,,,,,,,,,,
风暴召唤者号,风暴召唤者号,212,风暴召唤者船舵,Helm of the Stormcaller,地区,,5585680f-0609-4cc4-96b5-37e53992af56.jpg,1,,,2,,,1,,,船|甲板,5,,,,
风暴召唤者号,风暴召唤者号,213,艏楼甲板,Forecastle Deck,地区,,5571b159-9889-4fcd-bc0e-13bea7443348.jpg,2,,,3,,,5,,,船|甲板,,,,,
风暴召唤者号,风暴召唤者号,214,露天甲板,Weather Deck,地区,,ec9d7726-89fa-41ee-a6ad-30761a6b79d3.jpg,2,,,2,,,3,,,船|甲板,,,,,
风暴召唤者号,风暴召唤者号,215,货舱,Cargo Hold,地区,,de903b76-e5e1-478b-a782-1e91f5a7261e.jpg,2,,,2,,,2,,,船,,,,,
风暴召唤者号,风暴召唤者号,216,船员宿舍,Crew Quarters,地区,,2dbe66bc-a6bf-42d7-92a5-d186dfe954c6.jpg,2,,,1,,,4,,,船|甲板,,,,,
风暴召唤者号,风暴召唤者号,217,后甲板,Quarter Deck,地区,,d7fd973b-6b4e-4f4b-9fc5-4886dcf80996.jpg,2,,,4,,,3,,,船|甲板,,,,,
风暴召唤者号,风暴召唤者号,218,保持稳定！,Hold Steady!,诡计,,5a4545c3-8b25-4fad-9798-b67921c9e7d3.jpg,2,,,,,,,,,,,,,,
深海之物,深海之物,219,深海之物,The Thing in the Depths,敌人,,b53fd0fc-5734-4bdc-b26f-c2133da31c3d.jpg,1,,50,2,5,0,,8,,生物,10,,,,
深海之物,深海之物,220,怪兽之眼,Eye of the Beast,敌人,,07067901-5306-47f0-8863-3c9cb194e1c6.jpg,2,,0,2,0,5,,5,,生物|身体,,,,涌现,
深海之物,深海之物,221,鞭笞触手,Thrashing Arm,敌人,,9c3c6e43-7548-4eaf-8225-2f51ecafbc4a.jpg,2,,23,3,5,1,,7,,生物|触须,,,,缠绕（最低印刷威胁）,
深海之物,深海之物,222,碾压触手,Crushing Arm,敌人,,db512bcc-1bc7-4008-ba2b-18d56abc3b67.jpg,3,,17,1,3,1,,5,,生物|触须,,,,涌现|缠绕（最高印刷任务点）,
深海之物,深海之物,223,扼杀触手,Grasping Arm,敌人,,5073c7a3-a3f6-4aca-b2a2-e0b830af3985.jpg,3,,20,2,4,1,,4,,生物|触须,,,,缠绕（最高印刷威胁）,
深海之物,深海之物,224,巨型触手,Giant Arm,敌人,,0daf1963-a45f-4fe1-bd0b-ad901a1213fa.jpg,3,,13,1,4,1,,6,,生物|触须,,,,缠绕（最低印刷任务点）,
深海之物,深海之物,225,来自深海,From the Depths,诡计,,5d811a82-3729-4b54-8748-e0abffd96e90.jpg,3,,,,,,,,,,,,,,
深海之物,深海之物,226,甩动的触须,Lashing Tentacles,诡计,,b1898a55-730c-493e-9fcd-24a51d817b64.jpg,2,,,,,,,,,,,,,,
欺诈者神庙,,227,搜寻小岛,Searching the Island,探险,,fb7d55c5-7198-45c5-97d7-be4c6a26fa68.jpg,1,,,,,,,,,,,,,,
欺诈者神庙,,228,搜寻小岛,Searching the Island,探险,,fb7d55c5-7198-45c5-97d7-be4c6a26fa68.B.jpg,1,,,,,,,,,,,,,,
欺诈者神庙,欺诈者神庙,229,洞穴入口,The Grotto's Entrance,地区,,f3bc3759-1f94-4983-bebb-66c7d9e3e0b3.B.jpg,1,,,2,,,8,,,废墟,,,,欺诈者神庙,
欺诈者神庙,欺诈者神庙,230,欺诈者神庙,Temple of the Deceived,地区,,f3bc3759-1f94-4983-bebb-66c7d9e3e0b3.jpg,-,,,4,,,,,,废墟,,,,,
欺诈者神庙,欺诈者神庙,231,神庙大厅,Temple Halls,地区,,3371c102-4aab-4b15-a738-a4b3483a6004.B.jpg,2,,,5,,,5,,,废墟,,,,欺诈者神庙,
欺诈者神庙,欺诈者神庙,233,神庙守卫,Temple Guardian,敌人,,e4f6c61b-afb1-4f12-81d5-4edd14a90d32.jpg,1,,50,X,6,4,,10,,亡灵,4,,,,
欺诈者神庙,欺诈者神庙,234,大门钥匙,Gate Key,目标,,447dd08d-693c-407f-8155-87164f212351.jpg,1,,,,,,,,,物品|宝物,,,,,
欺诈者神庙,欺诈者神庙,235,锯齿悬崖,Jagged Cliffs,地区,,1877b069-7015-4172-b5df-bbfd235b976f.B.jpg,2,,,4,,,4,,,山脉,,,,未知,
欺诈者神庙,欺诈者神庙,237,蜿蜒的洞穴,Winding Caverns,地区,,4c7d7a31-250d-4e48-a97a-2aebb3b2b47d.B.jpg,2,,,2,,,6,,,地底,,,,未知,
欺诈者神庙,欺诈者神庙,239,丛林小径,Jungle Path,地区,,dc8f31b6-73af-4aec-be26-8d297909d14d.B.jpg,2,,,3,,,3,,,森林,,,,未知,
欺诈者神庙,欺诈者神庙,241,背誓的亵渎者,Faithless Desecrator,敌人,,617ce2f8-f33e-4898-9fa4-38787ee9c2b6.jpg,3,,25,2,2,2,,4,,亡灵,,,,,
欺诈者神庙,欺诈者神庙,242,渎神的死者,Island Watcher,敌人,,90b5e33a-3708-40ab-8d20-5a997237e536.jpg,2,,35,1,2,3,,3,,亡灵,,,,,
欺诈者神庙,欺诈者神庙,243,小岛监视者,Profane Dead,敌人,,00e25526-9804-4b05-89d6-557d9ef7ad77.jpg,2,,46,3,4,1,,5,,亡灵,,,,,
欺诈者神庙,欺诈者神庙,244,深入废墟,Deeper into the Ruins,诡计,,c8decb35-cb3e-4dc9-ad15-d0cc80c157cb.jpg,4,,,,,,,,,,,,,,
欺诈者神庙,欺诈者神庙,245,猛烈的暴雨,Furious Rainstorm,诡计,,4fc6111a-93c3-4407-b067-1b82396b802f.jpg,3,,,,,,,,,,,,,,
欺诈者神庙,欺诈者神庙,246,消耗供给,Dwindling Supplies,诡计,,3e8eaee9-6fdb-4207-864f-151f0f98807b.jpg,3,,,,,,,,,,,,,,
欺诈者神庙,欺诈者神庙,247,沉没的废墟,Sunken Ruins,诡计,,441a78e5-078f-433d-b092-5d94d1101aa1.jpg,3,,,,,,,,,,,,,,
沉没的废墟,,248,石窟,The Grotto,探险,1a,31bd075d-e116-4a0f-81dd-942b52a6267c.jpg,1,0,,,,,,,,,,,,,
沉没的废墟,,249,石窟,The Grotto,探险,1b,31bd075d-e116-4a0f-81dd-942b52a6267c.B.jpg,1,15,,,,,,,,,,,,,
沉没的废墟,,250,萨伊尔的背叛,Sahír's Betrayal,探险,2a,e48c7313-d1cb-4291-9dc1-9fff6fb23e83.jpg,1,0,,,,,,,,,,,,,
沉没的废墟,,251,萨伊尔的背叛,Sahír's Betrayal,探险,2b,e48c7313-d1cb-4291-9dc1-9fff6fb23e83.B.jpg,1,0,,,,,,,,,,,,,
沉没的废墟,沉没的废墟,251,魔苟斯祭坛,Shrine to Morgoth,地区,,011a4573-f21a-4897-9b23-8b64391f5136.jpg,1,,,,,,18,,,废墟|地底|石窟,5,,,石窟,
沉没的废墟,沉没的废墟,252,魔苟斯祭坛,Shrine to Morgoth,地区,,011a4573-f21a-4897-9b23-8b64391f5136.B.jpg,1,,,,,,18,,,废墟|地底|水下,5,,,水下,
沉没的废墟,沉没的废墟,253,海蝎,Sea-Scorpion,敌人,,c49ec585-e306-4fda-a55b-497cb0fd1174.jpg,3,,30,2,2,2,,4,,生物,,,,,
沉没的废墟,沉没的废墟,254,穴鳗,Cave Eel,敌人,,34bfcbad-5557-48bc-8abd-3ac472ee4d3b.jpg,3,,20,3,3,4,,2,,生物,,,,,
沉没的废墟,沉没的废墟,255,水下石窟,Undersea Grotto,地区,,58f1cb80-d8de-4f96-98d0-0fdf61988da3.jpg,1,,,2,,,3,,,地底|石窟,,,,石窟,
沉没的废墟,沉没的废墟,256,黑暗深渊,Dark Abyss,地区,,58f1cb80-d8de-4f96-98d0-0fdf61988da3.B.jpg,1,,,5,,,12,,,地底|水下,2,,,水下,
沉没的废墟,沉没的废墟,257,被诅咒的洞穴,Cursed Caverns,地区,,6a3ae84d-6c74-4fbf-9254-b8c1d17c8384.jpg,1,,,3,,,5,,,地底|石窟,,,,石窟,
沉没的废墟,沉没的废墟,258,曲折的海穴,Twisting Hollow,地区,,6a3ae84d-6c74-4fbf-9254-b8c1d17c8384.B.jpg,1,,,4,,,14,,,地底|水下,2,,,水下,
沉没的废墟,沉没的废墟,259,被诅咒的洞穴,Cursed Caverns,地区,,4be4e706-1bd2-455a-a712-833c1bbcea55.jpg,1,,,3,,,5,,,地底|石窟,,,,石窟,
沉没的废墟,沉没的废墟,250,沉没的神庙,Sunken Temple,地区,,4be4e706-1bd2-455a-a712-833c1bbcea55.B.jpg,1,,,3,,,10,,,废墟|地底|水下,2,,,水下,
沉没的废墟,沉没的废墟,251,水浸的大厅,Water-Logged Halls,地区,,9c6798e3-9c5a-4609-b499-e6b1d6ae567b.jpg,1,,,2,,,4,,,废墟|地底|石窟,,,,石窟,
沉没的废墟,沉没的废墟,252,黑暗深渊,Dark Abyss,地区,,9c6798e3-9c5a-4609-b499-e6b1d6ae567b.B.jpg,1,,,5,,,12,,,地底|水下,2,,,水下,
沉没的废墟,沉没的废墟,253,水下石窟,Undersea Grotto,地区,,c95b4c6a-3dd0-4f11-8620-df7af65c11bc.jpg,1,,,2,,,3,,,地底|石窟,,,,石窟,
沉没的废墟,沉没的废墟,254,曲折的海穴,Twisting Hollow,地区,,c95b4c6a-3dd0-4f11-8620-df7af65c11bc.B.jpg,1,,,4,,,14,,,地底|水下,2,,,水下,
沉没的废墟,沉没的废墟,255,水浸的大厅,Water-Logged Halls,地区,,cb3ca114-400e-4abf-87e6-124b75e92cb4.jpg,1,,,2,,,4,,,废墟|地底|石窟,,,,石窟,
沉没的废墟,沉没的废墟,256,沉没的神庙,Sunken Temple,地区,,cb3ca114-400e-4abf-87e6-124b75e92cb4.B.jpg,1,,,3,,,10,,,废墟|地底|水下,2,,,水下,
沉没的废墟,沉没的废墟,257,淹没的洞穴,Drowned Cave,地区,,b59afed1-a224-4793-b149-0a6aadc9ba7e.jpg,2,,,3,,,4,,,地底|水下,,,,,
沉没的废墟,沉没的废墟,258,强大的暗流,Powerful Undertow,诡计,,befbd3c9-45b3-4e68-b19e-5981a6571835.jpg,2,,,,,,,,,险阻,,,,,
沉没的废墟,沉没的废墟,259,坚入深渊,Into the Abyss,诡计,,54014fda-7adc-49b0-96ac-656e849eaf7b.jpg,3,,,,,,,,,,,,,,
沉没的废墟,沉没的废墟,260,纠结和缠绕,Tangling and Grasping,诡计,,c0d85826-dc42-4ac8-851c-4ed671917e9d.jpg,4,,,,,,,,,险阻,,,,,
沉没的废墟,沉没的废墟,261,远古的深海,Ancient Depths,诡计,,a9321cbd-897f-4a77-a548-85ad00112273.jpg,3,,,,,,,,,,,,,,
科巴斯港的风暴,,262,机动制敌,Outmaneuver the Enemy,探险,1a,d0bf9c82-d626-4602-a383-4a5660a08c5f.jpg,1,0,,,,,,,,,,,,,
科巴斯港的风暴,,263,机动制敌,Outmaneuver the Enemy,探险,1b,d0bf9c82-d626-4602-a383-4a5660a08c5f.B.jpg,1,10,,,,,,,,,,,,航行,
科巴斯港的风暴,,264,海湾鏖战,Battle in the Bay,探险,2a,e3adad02-fa99-4905-bb20-d414ba76f75f.jpg,1,0,,,,,,,,,,,,,
科巴斯港的风暴,,265,海湾鏖战,Battle in the Bay,探险,2b,e3adad02-fa99-4905-bb20-d414ba76f75f.B.jpg,1,16,,,,,,,,,,,,航行,
科巴斯港的风暴,,266,突破舰队！,Break Through the Fleet!,探险,3a,233a2687-04a8-4c18-90cc-e90b9574b282.jpg,1,0,,,,,,,,,,,,,
科巴斯港的风暴,,267,突破舰队！,Break Through the Fleet!,探险,3b,233a2687-04a8-4c18-90cc-e90b9574b282.B.jpg,1,5,,,,,,,,,,,,航行,
科巴斯港的风暴,科巴斯港的风暴,268,多尔安罗斯战舰,Dol Amroth Warship,船|目标,,b585f28e-7612-4f07-83f7-0fed8d391e3d.jpg,2,,,,2,2,,8,2,刚铎|船,,,,,
科巴斯港的风暴,科巴斯港的风暴,269,掠夺者旗舰,Raider Flagship,敌人,,276e1411-be34-44fa-af2b-ebe9b36541f0.jpg,1,,50,3,5,3,,18,,海盗|船|独特,20,,,登船1,
科巴斯港的风暴,科巴斯港的风暴,270,海盗散兵,Corsair Skirmisher,敌人,,026a36ed-0979-4422-a581-a4decdc3c102.jpg,2,,28,3,4,6,,6,,海盗|船,,,,登船1,
科巴斯港的风暴,科巴斯港的风暴,271,攻城船,Siege Ship,敌人,,96f8534a-2683-4c8f-981d-daa470b792b7.jpg,3,,46,2,5,5,,7,,海盗|船,,,,箭术2,
科巴斯港的风暴,科巴斯港的风暴,272,重型巡洋舰,Heavy Cruiser,敌人,,0d74f863-83c9-4342-ac98-5bbaae0a573f.jpg,1,,42,5,7,5,,8,,海盗|船,,,,登船2|航行1,
科巴斯港的风暴,科巴斯港的风暴,273,安法拉斯海岸,Coast of Anfalas,地区,,a2b6cb8b-dacf-4c82-9097-2206610192ac.jpg,3,,,3,,,3,,,海岸|海洋,,,,航行1,
科巴斯港的风暴,科巴斯港的风暴,274,贝尔法拉斯岛,Belfalas Islet,地区,,d9bde488-6391-492f-b3df-6dd6dbe4f9e9.jpg,2,,,1,,,5,,,海岸|海洋,1,,,,
科巴斯港的风暴,科巴斯港的风暴,275,科巴斯港,Cobas Haven,地区,,c46688bb-24ac-4ee9-a23e-2bd481e8e56c.jpg,2,,,2,,,4,,,海岸|海洋,,,,,
科巴斯港的风暴,科巴斯港的风暴,276,全速猛撞！,Ramming Speed!,诡计,,aba39503-0700-40c9-9c06-729e82bf67fe.jpg,2,,,,,,,,,,,,,航行1,
科巴斯港的风暴,科巴斯港的风暴,277,船舱进水,Taking on Water,诡计,,783ecb94-e005-4ff7-8bc3-76196bba9249.jpg,2,,,,,,,,,,,,,,
科巴斯港的风暴,科巴斯港的风暴,278,掠夺者的强袭,The Raiders' Assault,诡计,,4d31f077-9f08-435b-ad3c-95d5b7967fa4.jpg,2,,,,,,,,,,,,,航行1,
科巴斯港的风暴,科巴斯港的风暴,279,海岸监视塔,Sea-ward Tower,目标,,434cf78e-2e8e-4d79-9662-eb50e33bc3f9.jpg,1,,,,,,,,,多尔安罗斯,,,,守护|航行1,
科巴斯港的风暴,科巴斯港的风暴,280,鸥之塔,Tower of the Gull,目标,,d198aa74-21ec-462a-ac1a-f9c2fcf526cb.jpg,1,,,,,,,,,多尔安罗斯,,,,守护|航行1,
科巴斯港的风暴,科巴斯港的风暴,281,烽火台,The Beacon,目标,,f410480c-ac41-431a-8db1-693746a7570e.jpg,1,,,,,,,,,多尔安罗斯,,,,守护|航行1,
科巴斯港的风暴,科巴斯港的风暴,282,鹭之塔,Tower of the Heron,目标,,52b5e077-36f2-4c13-89fb-4f7b3d73463b.jpg,1,,,,,,,,,多尔安罗斯,,,,守护|航行1,
海盗之城,,283,昂巴的海岸,The Coast of Umbar,探险,1a,c79ff551-f816-4106-9c55-e22d175e544c.jpg,1,0,,,,,,,,,,,,,
海盗之城,,284,昂巴的海岸,The Coast of Umbar,探险,1b,c79ff551-f816-4106-9c55-e22d175e544c.B.jpg,1,15,,,,,,,,,,,,航行,
海盗之城,,285,逐梦者号的命运,Fate of The Dream-chaser,探险,2a,19675b16-16ee-4477-a753-bd1cf7b51b7a.jpg,1,0,,,,,,,,,,,,,
海盗之城,,286,逐梦者号的命运,Fate of The Dream-chaser,探险,2b,19675b16-16ee-4477-a753-bd1cf7b51b7a.B.jpg,1,0,,,,,,,,,,,,,
海盗之城,,287,昂巴港,The Haven of Umbar,探险,3a,58d90f80-eb1a-46d9-a5c1-2e7b8c5b8451.jpg,1,0,,,,,,,,,,,,,
海盗之城,,288,昂巴港,The Haven of Umbar,探险,3b,58d90f80-eb1a-46d9-a5c1-2e7b8c5b8451.B.jpg,1,18,,,,,,,,,,,,,
海盗之城,,289,最终对决,Final Confrontation,探险,4a,7b8369b4-cca1-4076-8985-1c7be238ccb0.jpg,1,0,,,,,,,,,,,,,
海盗之城,,290,最终对决,Final Confrontation,探险,4b,7b8369b4-cca1-4076-8985-1c7be238ccb0.B.jpg,1,0,,,,,,,,,,,,,
乌姆巴尔海岸,乌姆巴尔海岸,291,风暴召唤者,Stormcaller,敌人,,c45dc401-bb07-42ec-ba4c-ee9105a3f349.jpg,1,,20,2,6,6,,18,,海盗|船|独特,10,,,,
乌姆巴尔海岸,乌姆巴尔海岸,292,奴隶船,Slave Ship,敌人,,0f7ce386-9510-4fd5-93aa-145190f8d1de.jpg,2,,32,2,7,5,,5,,海盗|船,,,,登船1,
乌姆巴尔海岸,乌姆巴尔海岸,293,昂巴奴隶,Umbar Slaver,敌人,,2fd16de8-3286-4003-9978-574738b2a337.jpg,3,,28,2,2,3,,5,,海盗|掠夺者,,,,,
乌姆巴尔海岸,乌姆巴尔海岸,294,南贝尔法拉斯湾,Southern Belfalas,地区,,797a1805-f347-4eb3-9f77-5c9e6b6a850f.jpg,2,,,3,,,5,,,海洋|海岸,,,,航行1,
乌姆巴尔海岸,乌姆巴尔海岸,295,海盗水域,Corsair Waters,地区,,a3173fc4-1ddb-470d-ae12-a35e24ea63a3.jpg,2,,,4,,,3,,,海洋|海岸,,,,航行1,
乌姆巴尔海岸,乌姆巴尔海岸,296,瞭望塔,Watch Tower,地区,,04f24d17-9764-4385-b22c-0e45f6fa5654.jpg,2,,,2,,,3,,,昂巴|海岸,,,,,
乌姆巴尔海岸,乌姆巴尔海岸,297,黑蛇之尾,Serpent's Tail,诡计,,86e8724b-32cb-4d63-b918-5754d39d2249.jpg,2,,,,,,,,,,,,,,
海盗之城,海盗之城,298,萨伊尔船长,Captain Sahír,敌人,,c354e410-e15a-4999-bb14-696b5e89cee9.jpg,1,,4,6,6,2,,8,,独特|海盗|掠夺者|被腐化的,20,,,,
海盗之城,海盗之城,299,被毁坏的纪念碑,The Shattered Monument,地区,,f811f153-81f4-4688-8b4d-400215e6748a.jpg,1,,,4,,,8,,,昂巴|独特,5,,,,
海盗之城,海盗之城,300,海盗之城,City of Corsairs,地区,,06badf71-8e85-479e-8ddf-1dec7a40e325.jpg,2,,,X,,,4,,,昂巴|城市,,,,,
海盗之城,海盗之城,301,昂巴的街道,Streets of Umbar,地区,,dd394c76-c2b9-4b1c-8948-a056de97b779.jpg,3,,,1,,,5,,,昂巴|城市,,,,,
海盗之城,海盗之城,302,昂巴海港,Umbar Harbor,地区,,5c0a0aea-af43-441b-9d7f-86a1dfd09f00.jpg,3,,,4,,,4,,,昂巴|城市,,,,,
海盗之城,海盗之城,303,爱克西力昂的劲敌,Foes of Ecthelion,诡计,,720b2482-f69c-4a88-8352-721d854704d2.jpg,2,,,,,,,,,,,,,,
海盗之城,海盗之城,303,昂巴巡逻,Umbar Patrol,诡计,,7f0e7969-bca4-48a3-99b5-ba055bd376af.jpg,2,,,,,,,,,,,,,,
海盗之城,海盗之城,304,愤怒和怨恨,Fury and Malice,诡计,,b4769083-91fb-4e9c-9736-17e8c28ff971.jpg,3,,,,,,,,,,,,,,
伊瑞赫之石,,305,一去不返,The Disappearance,探险,1a,e4af5d7f-9af5-41bb-b22a-cce8b91ac791.jpg,1,0,,,,,,,,,,,,,
伊瑞赫之石,,306,一去不返,The Disappearance,探险,1b,e4af5d7f-9af5-41bb-b22a-cce8b91ac791.B.jpg,1,6,,,,,,,,,,,,,
伊瑞赫之石,,307,亡者的恐惧,Terror of the Dead,探险,2a,ecc8fd11-b2b9-4adc-91eb-6fcc1212e7ce.jpg,1,0,,,,,,,,,,,,,
伊瑞赫之石,,308,亡者的恐惧,Terror of the Dead,探险,2b,ecc8fd11-b2b9-4adc-91eb-6fcc1212e7ce.B.jpg,1,8,,,,,,,,,,,,,
伊瑞赫之石,,309,幽冥大军,The Shadow Host,探险,3a,efd4cef9-ce8b-4985-8825-853ba98baa2b.jpg,1,0,,,,,,,,,,,,,
伊瑞赫之石,,310,幽冥大军,The Shadow Host,探险,3b,efd4cef9-ce8b-4985-8825-853ba98baa2b.B.jpg,1,14,,,,,,,,,,,,午夜,
伊瑞赫之石,伊瑞赫之石,311,迪鲁芬,Derufin,目标|盟友,,f93a8fda-7383-41c9-b86d-c5ba1fec760d.jpg,1,,,,1,1,,2,3,刚铎,,,,,
伊瑞赫之石,伊瑞赫之石,312,亡者之王,The Lord of the Dead,敌人,,7b9dd852-ed19-4a00-b09e-f6c2cee549fa.jpg,1,,30,5,6,3,,9,,亡灵|毁誓者|独特,,,,幽灵,
伊瑞赫之石,伊瑞赫之石,313,伊瑞赫之石,The Stone of Erech,地区,,822ca699-4763-4b8c-baff-d8d828c002a9.jpg,1,,,X,,,6,,,黑根谷,5,,,,
伊瑞赫之石,伊瑞赫之石,314,塔龙之颈,Tarlang's Neck,地区,,88df7c56-ee11-48f0-b6a0-0486e0a8ce92.jpg,1,,,3,,,6,,,黑根谷|路|独特,1,,,,
伊瑞赫之石,伊瑞赫之石,315,黄昏,Eventide,目标,,36a22f2b-56d9-4148-a962-f7fbdf60f3a1.jpg,1,,,,,,,,,夜晚,,,,,
伊瑞赫之石,伊瑞赫之石,316,日暮,Dusk,目标,,d3c68791-c3f9-4e8d-9515-2496f9ca1895.jpg,1,,,,,,,,,夜晚,,,,,
伊瑞赫之石,伊瑞赫之石,317,午夜,Midnight,目标,,0c15f99d-9066-4e7c-b364-104a0083d997.jpg,1,,,,,,,,,,,,,夜晚,
伊瑞赫之石,伊瑞赫之石,318,黑暗年代的遗物,Relic from the Dark Years,目标,,7b0eb4e5-962c-4041-baea-3a09a83fb996.jpg,1,,,,,,,,,物品|宝物,,,,午夜,
伊瑞赫之石,伊瑞赫之石,319,幽冥人,Shadow-man,敌人,,8ece887c-6ca7-467d-80d4-3f28afa13433.jpg,2,,27,2,4,1,,5,,亡灵|毁誓者,,,,幽灵,
伊瑞赫之石,伊瑞赫之石,320,躁动的死者,Restless Dead,敌人,,65f48337-cec0-41a1-84ff-490c4f563ce4.jpg,4,,12,2,3,0,,2,,亡灵|毁誓者,,,,幽灵,
伊瑞赫之石,伊瑞赫之石,321,私语者,Whisperer,敌人,,43bb02ff-9fcc-47e8-822c-ffcd620c9fc4.jpg,3,,35,2,2,2,,4,,亡灵|毁誓者,,,,幽灵,
伊瑞赫之石,伊瑞赫之石,322,幽冥大军首领,Shadow Host Captain,敌人,,a7d52939-2989-44d2-b81b-571db0ee8c16.jpg,2,,42,3,4,1,,6,,亡灵|毁誓者,,,,幽灵,
伊瑞赫之石,伊瑞赫之石,323,悔恨的亡灵,Regretful Shade,敌人,,f079c496-20bf-4ce4-a5ca-d644172d83fe.jpg,3,,23,1,2,1,,3,,亡灵|毁誓者,,,,幽灵|涌现,
伊瑞赫之石,伊瑞赫之石,324,摩颂河岸,Banks of Morthond,地区,,14f7c98c-b425-4fac-850a-729d8fcdaa0c.jpg,2,,,2,,,7,,,黑根谷|河地,,,,,
伊瑞赫之石,伊瑞赫之石,325,幽冥谷,Vale of Shadows,地区,,c57661b7-62f9-4906-b2eb-73af91fd8252.jpg,2,,,1,,,3,,,黑根谷,,,,,
伊瑞赫之石,伊瑞赫之石,326,黑根墓园,Blackroot Graves,地区,,fc54b033-56cc-4ca9-8e0f-7f1c7b82bd6a.jpg,3,,,4,,,1,,,黑根谷,,,,,
伊瑞赫之石,伊瑞赫之石,327,丁默山的阴影,Shadow of Dwimorberg,地区,,02cae27a-3b0c-4396-aea3-8fc2bdd4ffe8.jpg,2,,,1,,,4,,,黑根谷|山脉,,,,,
伊瑞赫之石,伊瑞赫之石,328,鬼谷,Haunted Valley,地区,,7a3411df-76a0-432b-a64a-d499b0b1ae50.jpg,2,,,2,,,3,,,黑根谷,,,,,
伊瑞赫之石,伊瑞赫之石,329,百鬼夜行,Midnight Throng,诡计,,c29c98de-5660-498c-a5cc-a1800985d221.jpg,2,,,,,,,,,,,,,,
伊瑞赫之石,伊瑞赫之石,330,恐惧的呢喃,Murmurs of Dread,诡计,,f985bda2-5029-4c34-91f7-721f830cbd9c.jpg,2,,,,,,,,,,,,,,
伊瑞赫之石,伊瑞赫之石,331,紧追在后的恐惧,Groping Horror,诡计,,728f17db-d741-4f1b-92da-8aac3d78432d.jpg,2,,,,,,,,,,,,,,
伊瑞赫之石,伊瑞赫之石,332,恐惧驱使,Driven by Fear,诡计,,cdf8dee9-b2ac-4e5f-bf4c-0b9c15cac142.jpg,2,,,,,,,,,,,,,,
伊瑞赫之石,伊瑞赫之石,333,亡者紧跟在后,The Dead Ride Behind,诡计,,5e7c36de-a2bb-44e3-951b-80123788d571.jpg,2,,,,,,,,,,,,,,
伊瑞赫之石,伊瑞赫之石,334,薄暮,The Gloaming,诡计,,d33ef89b-13c9-49b2-a921-a527f27a415a.jpg,2,,,,,,,,,,,,,涌现,
沿河而上,沿河而上,335,老渡口,The Old Ford,地区,,56634de4-2ef2-4739-b549-fa591e7032eb.jpg,1,,,5,,,5,,,河地|独特,5,,,,
沿河而上,沿河而上,336,林岸,Wooded Riverbank,地区,,93008a44-68db-40ea-8b41-81cf5bb2bae8.jpg,3,,,3,,,1,,,河地,,,,,
沿河而上,沿河而上,337,疯狂的生物,Frenzied Creature,诡计,,1a06164a-8f54-49b7-a067-52680893f69d.jpg,2,,,,,,,,,,,,,,
沿河而上,沿河而上,338,危险的渡口,Dangerous Crossing,诡计,,ce14480c-dfc0-4b30-8f8d-e878e003f4cd.jpg,3,,,,,,,,,,,,,,
沿河而上,灰色山脉半兽人,339,地精冲锋队,Goblin Troop,敌人,,ec9f4d54-a419-4b3e-a6b9-605119950d07.jpg,2,,35,3,5,4,,6,,半兽人|地精,,,,,
沿河而上,灰色山脉半兽人,340,流浪的地精,Stray Goblin,敌人,,552b11aa-b91e-44aa-8e54-1bad1aa74bbd.jpg,3,,50,1,2,0,,3,,半兽人|地精,,,,涌现,
沿河而上,迷失在大荒野,341,座狼群,Pack of Wargs,敌人,,8615beb7-a9f7-4852-bc0a-3d1a5f2c9532.jpg,2,,40,4,4,3,,5,,生物|座狼,,,,,
沿河而上,迷失在大荒野,342,荒野的丘陵,Hills of Wilderland,地区,,db960347-11ee-4ad7-8784-e4827fb7daaf.jpg,2,,,X,,,X,,,丘陵,,,,,
沿河而上,迷失在大荒野,343,偏僻之地,Lonely Lands,地区,,74fc62c2-b1b6-4338-819a-1f00f871312c.jpg,3,,,2,,,5,,,丘陵,,,,,
沿河而上,大荒野的丘陵,344,被破坏的供给,Ruined Supplies,诡计,,daa67624-18ba-43a3-92c6-6e5586166bb0.jpg,2,,,,,,,,,,,,,厄运1,
沿河而上,大荒野的丘陵,345,迷失在荒野中,Lost in the Wild,诡计,,b81e837e-f4e8-43e9-892a-8bfaecbd1416.jpg,2,,,,,,,,,,,,,,
沿河而上,大荒野的丘陵,346,压垮,Weighed Down,诡计,,0f2929de-bef9-40b8-b0ed-de69e136188f.jpg,2,,,,,,,,,,,,,,
迷失在黑森林,迷失在黑森林,347,寻找出路,Searching for a Way Out,目标,,e428dad0-f116-40c3-82fd-6c78bfcdcb32.jpg,1,,,,,,,,,,,,,,
迷失在黑森林,迷失在黑森林,348,蔓生的小径,Overgrown Path,目标|地区,,25cf58f2-9d92-4971-8817-a7e335d9ac5d.jpg,1,,,,,,4,,,独特|森林,4,,,守护（地区）,
迷失在黑森林,迷失在黑森林,349,废弃的村庄,Abandoned Village,目标|地区,,ff79510f-a6c3-4357-a582-853e5bb3e2bc.jpg,1,,,,,,4,,,独特|森林,4,,,守护（地区）,
迷失在黑森林,迷失在黑森林,350,赤裸的山顶,Bare Hilltop,目标|地区,,0f3c746e-2d23-4cb9-a481-f919ffc8cdee.jpg,1,,,,,,4,,,独特|森林,4,,,守护（敌人）,
迷失在黑森林,迷失在黑森林,351,林间空地,Forest Clearing,目标|地区,,626abd2c-11bc-416b-9db6-a72d5525d3de.jpg,1,,,,,,4,,,独特|森林,4,,,守护（敌人）,
迷失在黑森林,迷失在黑森林,352,黄昏大厅,Twilight Hall,地区,,a4e9aa38-54a7-4e99-bab6-330804b24a6e.jpg,3,,,2,,,6,,,森林|黑暗,,,,,
迷失在黑森林,迷失在黑森林,353,幽暗密林巡逻队,Mirkwood Patrol,敌人,,8165f1ef-d9df-464e-bd56-5baf4e43325f.jpg,2,,40,4,5,3,,6,,半兽人,,,,,
迷失在黑森林,迷失在黑森林,354,贪婪的蜘蛛,Ravenous Spider,敌人,,efdbe76c-5b41-4f28-a390-a72ec784e5a3.jpg,2,,36,3,4,3,,5,,生物|蜘蛛,,,,,
迷失在黑森林,迷失在黑森林,355,看不见的危险,Unseen Danger,诡计,,5f1ef9c5-ccb2-4f1e-bc5b-9a1de708d2ba.jpg,2,,,,,,,,,,,,,,
迷失在黑森林,迷失在黑森林,356,广阔的幽暗密林,Vastness of Mirkwood,诡计,,388d173e-e32a-4e02-b029-99180e34b014.jpg,3,,,,,,,,,,,,,,
迷失在黑森林,黑暗树林],357,被诅咒的森林,Accursed Forest,地区,,fcb54294-8a36-4a51-bf1b-7d75ac1598e2.jpg,2,,,4,,,4,,,森林|黑暗,,,,,
迷失在黑森林,黑暗树林],358,黑暗的树林,Dark Black Woods,地区,,408752c0-cee3-41ba-86c2-d01085546cef.jpg,3,,,3,,,3,,,森林|黑暗,,,,,
迷失在黑森林,聚集的阴霾,359,聚集的阴暗,Gathering Gloom,诡计,,fc70a2bc-c2ba-4364-a609-811daa0d6780.jpg,2,,,,,,,,,,,,,厄运1,
迷失在黑森林,聚集的阴霾,360,成群的蝙蝠,Swarms of Bats,诡计,,9b5e1acd-c396-464d-ab54-df86833aad07.jpg,3,,,,,,,,,,,,,,
国王的任务,国王的任务,361,火龙,Fire Drake,敌人,,42a5a608-0699-4cd5-b69d-f7c3413cd5cd.jpg,1,,35,X,7,X,,17,,龙|独特,,,,,
国王的任务,国王的任务,362,龙的宝库,Dragon Hoard,地区,,744e45f8-a808-4d9f-96f4-59e26cff5874.jpg,1,,,7,,,7,,,地底|黑暗|巢穴,1,,,,
国王的任务,国王的任务,363,铁丘陵矿坑,Iron Hills Mine,地区,,2d4b1381-467e-4bb4-9265-d26dec6125ea.jpg,2,,,4,,,4,,,地底,,,,,
国王的任务,国王的任务,364,争夺中的深渊,Contested Depths,地区,,8a7a0942-0bd2-44b1-9a9b-057f38b225e9.jpg,3,,,1,,,5,,,地底,,,,,
国王的任务,国王的任务,365,深渊峡谷,Deep Chasm,地区,,e4432b9b-4969-44be-937f-ca2728d57ad4.jpg,2,,,2,,,6,,,地底|黑暗,,,,深处,
国王的任务,国王的任务,366,深渊居民,Denizen of the Deep,诡计,,4daa4ff5-625a-4949-aef5-fb1349e249fd.jpg,2,,,,,,,,,,,,,,
国王的任务,害怕黑暗,367,害怕黑暗,Afraid of the Dark,诡计,,3566b6df-a1cd-4417-b202-27e0ecc0a966.jpg,2,,,,,,,,,,,,,,
国王的任务,邪恶的野兽,368,石巨魔,Stone Troll,敌人,,23fb0422-0e54-4064-bb76-e5bf3c214709.jpg,2,,36,3,6,3,,9,,巨魔,,,,,
国王的任务,邪恶的野兽,369,大地精,Hobgoblin,敌人,,b7431f72-5157-4a6d-a6c0-86bcf88f2669.jpg,2,,38,1,1,1,,5,,半兽人,,,,,
国王的任务,荒野生物],370,狼人,Werewolf,敌人,,5bcec205-7f6b-44b9-bb4d-9addde372316.jpg,2,,33,3,2,1,,8,,生物,,,,,
国王的任务,荒野生物],371,巨大的蜘蛛,Giant Spider,敌人,,9b3c0e2a-c874-41b7-9ccd-2798a4884b34.jpg,3,,28,2,3,2,,3,,生物|蜘蛛,,,,,
国王的任务,荒野生物],372,黑蝙蝠,Black Bats,敌人,,f5d539b2-0b65-493d-8493-5122a0761eed.jpg,3,,18,1,2,1,,2,,生物,,,,涌现,
国王的任务,地底深处,373,黑暗的隧道,Dark Tunnel,地区,,14f41245-2616-4358-a8bb-6b9bcf83cf56.jpg,4,,,3,,,3,,,地底|黑暗,,,,深处,
国王的任务,地底深处,374,分叉的通道,Forked Passage,地区,,1062dfa2-d821-474d-9a8f-9eda79753222.jpg,2,,,2,,,2,,,地底|黑暗,,,,深处,
国王的任务,地底深处,375,黑暗之处,Dark Places,诡计,,f945cfde-271f-4e93-8eed-93eaaf0fb408.jpg,3,,,,,,,,,,,,,,
国王的任务,害怕黑暗,376,黑暗中的眼睛,Eyes in the Dark,诡计,,cfddac0a-3055-46bd-af9a-8bdda8c9abb6.jpg,3,,,,,,,,,,,,,厄运1,
国王的任务,龙威,377,龙之吐息,Dragon Breath,诡计,,6220ef6b-f314-4cf9-92df-f9551d6cfde0.jpg,2,,,,,,,,,龙,,,,涌现,
国王的任务,龙威,378,龙鳞,Dragon Scales,诡计,,51b186ac-ddf5-4909-a484-20d273be27c9.jpg,2,,,,,,,,,龙,,,,涌现,
国王的任务,失落的洞穴,379,失落的军械库,Lost Armory,地区,,286a5206-9ebb-4ec4-a349-2960ccb2f669.jpg,1,,,2,,,2,,,地底,1,,,,
国王的任务,失落的洞穴,380,古代的宝库,Ancient Treasury,地区,,c0c522b2-5f5c-45a0-b6fc-e05c8bb835d8.jpg,1,,,3,,,3,,,地底,1,,,,
国王的任务,失落的洞穴,381,可怕的兽穴,Frightful Den,地区,,9e490f6c-3873-4cd7-8c80-98a6640b9043.jpg,1,,,4,,,4,,,地底|黑暗,1,,,,
国王的任务,失落的洞穴,382,无光的石窟,Lightless Grotto,地区,,acbf7fd1-9f93-4d0b-b18a-8f0854e028f5.jpg,1,,,5,,,5,,,地底|黑暗,1,,,,
国王的任务,失落的洞穴,383,摇摇欲坠的洞穴,Crumbling Cavern,地区,,9a5884f4-c2a8-4696-97b5-f0c5c5e92b6d.jpg,1,,,6,,,6,,,地底|黑暗,1,,,,
国王的任务,失落的洞穴,384,地底湖泊,Underground Lake,地区,,8be23a53-ba85-4db3-8d1f-821da0323cbf.jpg,1,,,X,,,X,,,地底|黑暗,1,,,,
沿河而上,,385,向北行,Traveling North,探险,1a,b4b0bdc8-5edb-40c9-a9ca-dac60fe7cb38.jpg,1,0,,,,,,,,,,,,,
沿河而上,,386,向北行,Traveling North,探险,1b,b4b0bdc8-5edb-40c9-a9ca-dac60fe7cb38.B.jpg,1,10,,,,,,,,,,,,,
沿河而上,,387,受到攻击的樵夫,Woodmen Under Attack,探险,2a,b77a9e58-9a88-4aec-9029-8d84269b0a3c.jpg,1,0,,,,,,,,,,,,,
沿河而上,,388,受到攻击的樵夫,Woodmen Under Attack,探险,2b,b77a9e58-9a88-4aec-9029-8d84269b0a3c.B.jpg,1,5,,,,,,,,,,,,,
沿河而上,,389,通过渡口,The Passage of the Ford,探险,3a,2d1d915f-f889-4100-81b7-910ce93edff7.jpg,1,0,,,,,,,,,,,,,
沿河而上,,390,通过渡口,The Passage of the Ford,探险,3b,2d1d915f-f889-4100-81b7-910ce93edff7.B.jpg,1,5,,,,,,,,,,,,,
沿河而上,沿河而上,391,樵夫村庄,Woodmen Village,地区,,1d4d59f4-def5-4c9e-ba3f-8a28e7f66c73.jpg,1,,,4,,,4,,,河地|独特,,,,,
沿河而上,沿河而上,392,哈丹,Haldan,目标|盟友,,1d4d59f4-def5-4c9e-ba3f-8a28e7f66c73.B.jpg,1,,,,3,1,,4,2,樵夫|斥候,,,,,
迷失在黑森林,,393,夜晚的伏击,Ambushed at Night,探险,1a,504d7fe3-a3a1-4e2c-b59d-dd391d370a20.jpg,1,0,,,,,,,,,,,,,
迷失在黑森林,,394,夜晚的伏击,Ambushed at Night,探险,1b,504d7fe3-a3a1-4e2c-b59d-dd391d370a20.B.jpg,1,0,,,,,,,,,,,,,
迷失在黑森林,,395,幽暗密林的蜘蛛,Spiders of Mirkwood,探险,2a,48c82a72-ad2f-4452-9906-b5505caf27e1.jpg,1,0,,,,,,,,,,,,,
迷失在黑森林,,396,幽暗密林的蜘蛛,Spiders of Mirkwood,探险,2b,48c82a72-ad2f-4452-9906-b5505caf27e1.B.jpg,1,0,,,,,,,,,,,,,
迷失在黑森林,,397,多尔哥多半兽人,Dol Guldur Orcs,探险,2c,65ef76b1-e624-4763-8906-899e4630225f.jpg,1,0,,,,,,,,,,,,,
迷失在黑森林,,398,多尔哥多半兽人,Dol Guldur Orcs,探险,2d,65ef76b1-e624-4763-8906-899e4630225f.B.jpg,1,0,,,,,,,,,,,,,
迷失在黑森林,,399,被带走,Carried Away,探险,3a,4ee0293f-5c0c-4f7a-bc10-680d84eb9214.jpg,1,0,,,,,,,,,,,,,
迷失在黑森林,,400,被带走,Carried Away,探险,3b,4ee0293f-5c0c-4f7a-bc10-680d84eb9214.B.jpg,1,0,,,,,,,,,,,,,
迷失在黑森林,,401,完全迷路,Truly Lost,探险,3c,ac9fe707-143f-492e-89e3-bdd02973a0f2.jpg,1,0,,,,,,,,,,,,,
迷失在黑森林,,402,完全迷路,Truly Lost,探险,3d,ac9fe707-143f-492e-89e3-bdd02973a0f2.B.jpg,1,0,,,,,,,,,,,,,
迷失在黑森林,,403,巨恐怖的森林,The Forest of Great Fear,探险,4a,e3fed535-98f8-461d-a092-7ada49be2550.jpg,1,0,,,,,,,,,,,,,
迷失在黑森林,,404,巨恐怖的森林,The Forest of Great Fear,探险,4b,e3fed535-98f8-461d-a092-7ada49be2550.B.jpg,1,8,,,,,,,,,,,,,
迷失在黑森林,,405,逃离黑森林,Escape from Taur-nu-Fuin,探险,4c,d4686e4d-2d50-4ffd-9b95-7bcdf9b2a494.jpg,1,0,,,,,,,,,,,,,
迷失在黑森林,,406,逃离黑森林,Escape from Taur-nu-Fuin,探险,4d,d4686e4d-2d50-4ffd-9b95-7bcdf9b2a494.B.jpg,1,16,,,,,,,,,,,,,
国王的任务,,407,铁丘陵,The Iron Hills,探险,1a,e3e98df7-720f-49b8-995a-370961706cec.jpg,1,0,,,,,,,,,,,,,
国王的任务,,408,铁丘陵,The Iron Hills,探险,1b,e3e98df7-720f-49b8-995a-370961706cec.B.jpg,1,0,,,,,,,,,,,,,
国王的任务,,409,底层深渊,The Lower Depths,探险,2a,e38f5043-50b5-4b2a-a23f-f786106c4055.jpg,1,0,,,,,,,,,,,,,
国王的任务,,410,底层深渊,The Lower Depths,探险,2b,e38f5043-50b5-4b2a-a23f-f786106c4055.B.jpg,1,0,,,,,,,,,,,,,
国王的任务,,411,火焰大虫,The Fire Worm,探险,3a,bfae3bf9-24e1-46af-b202-fb6c676a5dd9.jpg,1,0,,,,,,,,,,,,,
国王的任务,,412,火焰大虫,The Fire Worm,探险,3b,bfae3bf9-24e1-46af-b202-fb6c676a5dd9.B.jpg,1,0,,,,,,,,,,,,,
凋谢荒地,凋谢荒地,413,冷龙,Cold-Drake,敌人,,e9217231-de12-48ef-9351-f7d992643c2f.jpg,1,,10,1,6,1,,18,,龙,6,,,,
凋谢荒地,凋谢荒地,414,龙的印迹,Dragon Sign,目标,,b922eedf-eea0-471d-bc52-90becc2a0769.jpg,4,,,,,,,,,线索,1,,,守护(敌人),
凋谢荒地,凋谢荒地,415,雪巨魔,Snow-troll,敌人,,ebde9bba-fd89-4098-ad60-9d1d4e746d23.jpg,2,,35,3,5,3,,9,,巨魔,,,,,
凋谢荒地,凋谢荒地,416,雏龙,Dragon Hatchling,敌人,,beedf6c6-6214-47d8-bd82-81280543b141.jpg,3,,20,2,2,0,,4,,龙,,,,,
凋谢荒地,凋谢荒地,417,高山隘口,Mountain Pass,地区,,351afed2-188b-42d4-9b3a-bccb510ae7d2.jpg,3,,,2,,,4,,,山脉,,,,,
凋谢荒地,凋谢荒地,418,矮人大门,Dwarven Door,地区,,ef4ae3ca-ce48-4cad-88ee-23917e9dcdcc.jpg,3,,,3,,,3,,,山脉,,,,深处,
凋谢荒地,凋谢荒地,419,洞穴入口,Cave Entrance,地区,,15ebc613-43fc-4c9b-ac71-91840d853e60.jpg,3,,,1,,,5,,,山脉,,,,深处,
凋谢荒地,凋谢荒地,420,兽穴,Creature Den,地区,,80764232-a3c9-47f1-9034-9c9ac82002e4.jpg,2,,,4,,,4,,,山脉,4,,,,
凋谢荒地,凋谢荒地,421,高耸的瀑布,High Falls,地区,,2b158c89-59d6-40a2-af56-6db21dc62e73.jpg,2,,,X,,,6,,,山脉,,,,深处,
凋谢荒地,凋谢荒地,422,大暴雪,Heavy Snow,诡计,,572ba251-0abb-4a81-b38b-d695123b7219.jpg,2,,,,,,,,,天气,,,,厄运1,
凋谢荒地,凋谢荒地,423,极寒,Deadly Cold,诡计,,cb64fac2-c5ea-4233-86ed-90e30181a520.jpg,3,,,,,,,,,天气,,,,,
凋谢荒地,,424,搜寻龙的印迹,Searching for Dragon Sign,探险,1a,21786f6e-9f9c-4850-9277-9ee77b6e0912.jpg,1,0,,,,,,,,,,,,,
凋谢荒地,,425,搜寻龙的印迹,Searching for Dragon Sign,探险,1b,21786f6e-9f9c-4850-9277-9ee77b6e0912.B.jpg,1,6,,,,,,,,,,,,,
凋谢荒地,,426,冷龙攻击！,The Cold-Drake Attacks!,探险,2a,60ba0781-d051-46f0-97b1-e02fb637b94e.jpg,1,0,,,,,,,,,,,,,
凋谢荒地,,427,冷龙攻击！,The Cold-Drake Attacks!,探险,2b,60ba0781-d051-46f0-97b1-e02fb637b94e.B.jpg,1,3,,,,,,,,,,,,,
凋谢荒地,,428,猎杀巨兽,Hunting the Beast,探险,3a,e70fa96c-f4c7-4d6c-ab14-41831a6eb8c8.jpg,1,0,,,,,,,,,,,,,
凋谢荒地,,429,猎杀巨兽,Hunting the Beast,探险,3b,e70fa96c-f4c7-4d6c-ab14-41831a6eb8c8.B.jpg,1,9,,,,,,,,,,,,,
凋谢荒地,,430,被围困的龙,A Cornered Dragon,探险,4a,9656a1c9-dd90-4096-b2ba-eb2491d08403.jpg,1,0,,,,,,,,,,,,,
凋谢荒地,,431,被围困的龙,A Cornered Dragon,探险,4b,9656a1c9-dd90-4096-b2ba-eb2491d08403.B.jpg,1,0,,,,,,,,,,,,,
漫游罗马尼安,漫游罗马尼安,432,北方的巨鹰,Eagle of the North,盟友,,554f2002-2d3f-4add-996d-8282f96c9633.jpg,3,,,,3,1,,3,2,生物|巨鹰,,,,遭遇|涌现,
漫游罗马尼安,漫游罗马尼安,433,都灵的钥匙,Durin's Key,目标,,0909409e-d2d3-4304-b239-76bb6da0dceb.jpg,1,,,,,,,,,宝物|物品,,,,,
漫游罗马尼安,漫游罗马尼安,434,昂杜格的号角,Urdug's Horn,目标,,9e864a49-89b3-4ea0-be1f-f4336adfa088.jpg,1,,,,,,,,,宝物|物品,,,,,
漫游罗马尼安,漫游罗马尼安,435,灰色山脉巨人,Grey Mountain Giant,敌人,,caaafdd2-3559-496a-a08c-ce81ec212b6c.jpg,2,,44,2,5,2,,11,,巨人,,,,,
漫游罗马尼安,漫游罗马尼安,436,猎鹰,Hunting Eagle,敌人,,4c653b80-0b0e-4383-b0bb-aa31f12b3e74.jpg,3,,50,1,3,1,,3,,生物|巨鹰,,,,涌现,
漫游罗马尼安,漫游罗马尼安,437,荒野巨熊,Wilderland Bear,敌人,,eed0925e-5376-4ad0-b571-69cfbb2118ae.jpg,2,,30,1,4,1,,5,,生物,,,,,
漫游罗马尼安,漫游罗马尼安,438,灰色沼泽地,Grey Moorland,地区,,702e659f-949c-491d-84ab-e1d5b4166f46.jpg,2,,,3,,,4,,,丘陵,,,,,
漫游罗马尼安,漫游罗马尼安,439,幽深的沟壑,Deep Ravine,地区,,68e3c34a-1af7-410f-ad57-85386181c6d7.jpg,3,,,2,,,3,,,丘陵,,,,,
漫游罗马尼安,漫游罗马尼安,440,伊瑞德米斯林的斜坡,Slopes of Ered Mithrin,地区,,3733b627-08bd-4d12-a2ec-dadfcbfc6695.jpg,3,,,2,,,4,,,丘陵,,,,厄运1,
漫游罗马尼安,漫游罗马尼安,441,偷偷溜走,Sneaking Off,诡计,,b1612370-142d-4557-8884-b3da12b4baca.jpg,3,,,,,,,,,,,,,,
漫游罗马尼安,漫游罗马尼安,442,恶劣的天气,Harsh Weather,诡计,,5edbdc1f-e177-4a8b-b4f1-8475fe297a4b.jpg,3,,,,,,,,,天气,,,,,
漫游罗马尼安,漫游罗马尼安,443,荒野生物,Wild Creatures,诡计,,edfb7ef3-dee9-4cf4-986e-5698bb3fb320.jpg,2,,,,,,,,,,,,,,
漫游罗马尼安,,444,地精的任务,The Goblin's Task,探险,1a,4d85eda6-14e2-4dee-b912-31056fc6a2cc.jpg,1,0,,,,,,,,,,,,,
漫游罗马尼安,,445,地精的任务,The Goblin's Task,探险,1b,4d85eda6-14e2-4dee-b912-31056fc6a2cc.B.jpg,1,0,,,,,,,,,,,,,
漫游罗马尼安,,446,解救小小,Rescue Tiny,探险,2a,8cb63364-11e8-4044-9712-613ccbfcfa5f.jpg,1,0,,,,,,,,,,,,,
漫游罗马尼安,,447,解救小小,Rescue Tiny,探险,2b,8cb63364-11e8-4044-9712-613ccbfcfa5f.B.jpg,1,5,,,,,,,,,,,,,
漫游罗马尼安,,448,取回昂杜格的号角,Retrieve Urdug's Horn,探险,2a,7ab4b2ae-a646-4e24-bec6-7cd85d8a1c7c.jpg,1,0,,,,,,,,,,,,,
漫游罗马尼安,,449,取回昂杜格的号角,Retrieve Urdug's Horn,探险,2b,7ab4b2ae-a646-4e24-bec6-7cd85d8a1c7c.B.jpg,1,5,,,,,,,,,,,,,
漫游罗马尼安,,450,寻找都灵的钥匙,Find Durin's Key,探险,2a,a4cd5ce9-fc29-44b6-9bee-eafbbd431c49.jpg,1,0,,,,,,,,,,,,,
漫游罗马尼安,,451,寻找都灵的钥匙,Find Durin's Key,探险,2b,a4cd5ce9-fc29-44b6-9bee-eafbbd431c49.B.jpg,1,5,,,,,,,,,,,,,
漫游罗马尼安,,452,昂杜格的赌博,Urdug's Gambit,探险,3a,f63c9a8e-23dc-4c3a-bbff-00bd585e27bc.jpg,1,0,,,,,,,,,,,,,
漫游罗马尼安,,453,昂杜格的赌博,Urdug's Gambit,探险,3b,f63c9a8e-23dc-4c3a-bbff-00bd585e27bc.B.jpg,1,5,,,,,,,,,,,,,
漫游罗马尼安,漫游罗马尼安,454,昂杜格,Urdug,目标|盟友,,0e90a1fb-b498-4b6e-a6c8-de3e3ed38aa4.jpg,1,,,,3,2,,5,2,地精|半兽人,,,,,
漫游罗马尼安,漫游罗马尼安,455,昂杜格,Urdug,敌人,,0e90a1fb-b498-4b6e-a6c8-de3e3ed38aa4.B.jpg,1,,15,2,3,2,,5,,地精|半兽人,,,,不朽,
漫游罗马尼安,漫游罗马尼安,456,小小,Tiny,目标|盟友,,f8716c9e-b35a-474d-8800-cc0256f38b36.jpg,1,,,,6,3,,9,3,巨魔,,,,,
漫游罗马尼安,漫游罗马尼安,457,小小,Tiny,敌人,,f8716c9e-b35a-474d-8800-cc0256f38b36.B.jpg,1,,50,1,6,3,,9,,巨魔,6,,,,
夜火,夜火,458,吸引火力,Draw Her Fire,支线探险,,dae6e913-3b2e-4e53-aad4-69946d3386ca.jpg,1,5,,,,,,,,,10,,,,
夜火,夜火,459,筑造防御工事,Fortify the Defense,支线探险,,a6b39458-b0f1-4b5d-a915-d3921eb35658.jpg,1,10,,,,,,,,,10,,,,
夜火,夜火,460,召集樵夫,Rally the Woodmen,支线探险,,73515869-890b-4169-9104-b2e882d921ae.jpg,1,10,,,,,,,,,10,,,,
夜火,夜火,461,熄灭火焰,Douse the Flames,支线探险,,5fefdbc7-05e2-4c1b-96fd-46121f87d6b3.jpg,1,10,,,,,,,,,10,,,,
夜火,夜火,462,守住大门,Hold the Door,支线探险,,a6e68650-e413-4e85-b687-b927d5a87821.jpg,1,10,,,,,,,,,10,,,,
夜火,夜火,463,守卫城镇,Defend the Town,支线探险,,a837fe8b-6f21-4d20-9897-89a3c4706b40.jpg,1,5,,,,,,,,,10,,,,
夜火,夜火,464,击溃地精,Rout the Goblins,支线探险,,df9ba79f-91a3-4fc7-a2af-6bddcc795f29.jpg,1,5,,,,,,,,,10,,,,
夜火,夜火,465,面对巨龙,Face the Dragon,支线探险,,1574141b-b11e-4be9-82c9-ddc1fb2f5269.jpg,1,10,,,,,,,,,10,,,,
夜火,夜火,466,达格尼尔,Dagnir,敌人,,f7badc7a-4e37-4606-8557-0fa4719227c0.jpg,1,,50,X,7,5,,20,,龙,5,,,,
夜火,夜火,467,巨龙的奴隶,The Dragon's Thrall,敌人,,a917100d-1b9b-4335-a55f-75291e0cab6e.jpg,3,,30,3,3,3,,4,,地精|半兽人,,,,,
夜火,夜火,468,火焰半兽人,Orc of the Flame,敌人,,3e0619e9-ffd1-4c1b-8b65-f603202cde4f.jpg,4,,25,2,2,2,,3,,地精|半兽人,,,,,
夜火,夜火,469,城镇大门,Town Gate,地区,,aba5ebdb-81d8-4e41-bddd-568f9ab2bd13.jpg,2,,,3,,,4,,,城镇,,,,,
夜火,夜火,470,木制栅栏,Wooden Palisade,地区,,3b7c4f67-7de4-4b77-be50-0fd86e4ef2bc.jpg,3,,,2,,,3,,,城镇,,,,,
夜火,夜火,471,燃烧的瞭望塔,Burning Watchtower,地区,,f57aeb37-4f19-4e5f-ae34-326c3b8b62f2.jpg,3,,,X,,,5,,,城镇,,,,,
夜火,夜火,472,愤怒的力量,Powerful in Wrath,诡计,,721bbc14-f14c-4464-9963-55a77ab2d9bc.jpg,2,,,,,,,,,,,,,,
夜火,夜火,473,巨龙的愤怒,The Dragon's Fury,诡计,,bcd41784-d260-4165-ae0f-74cb844d10b3.jpg,3,,,,,,,,,,,,,,
夜火,夜火,474,明亮的焰火,Bright Flames,诡计,,463d0c53-2275-410f-b311-139f19561b46.jpg,2,,,,,,,,,,,,,,
夜火,,475,霍加堡,Hrogar's Hill,探险,1a,1ab32b8c-b942-4c77-af19-9703fba1dfa9.jpg,1,0,,,,,,,,,,,,,
夜火,,476,霍加堡,Hrogar's Hill,探险,1b,1ab32b8c-b942-4c77-af19-9703fba1dfa9.B.jpg,1,50,,,,,,,,,,,,,
wave1,半兽人抢劫者,477,矿坑酋长,Chieftain of the Pit,敌人,,51223bd0-ffd1-11df-a976-0801207c9020.jpg,1,,27,2,5,2,,4,,地精|半兽人,,,,,
wave1,半兽人抢劫者,478,地精长矛手,Goblin Spearman,敌人,,51223bd0-ffd1-11df-a976-0801207c9039.jpg,5,,15,2,2,2,,2,,地精|半兽人,,,,,
wave1,半兽人抢劫者,479,地精弓箭手,Goblin Archer,敌人,,51223bd0-ffd1-11df-a976-0801207c9034.jpg,2,,48,2,1,3,,1,,地精|半兽人,,,,,
wave1,匪徒,480,狂热的叛逆者,Zealous Traitor,敌人,,4823aae3-46ef-4a75-89f9-cbd3aa1b9088.jpg,3,,17,2,3,2,,2,,匪徒,,,,,
wave1,匪徒,481,罗萨那奇的强盗,Lossarnach Bandit,敌人,,4823aae3-46ef-4a75-89f9-cbd3aa1b9052.jpg,2,,24,3,3,3,,3,,匪徒,,,,,
wave1,匪徒,482,昂巴暗杀者,Umbar Assassin,敌人,,4823aae3-46ef-4a75-89f9-cbd3aa1b9085.jpg,1,,40,4,5,1,,5,,匪徒,,,,箭术2,
wave1,狂暴兽人,483,半兽人暴民,Orc Rabble,敌人,,4823aae3-46ef-4a75-89f9-cbd3aa1b9064.jpg,3,,28,2,1,1,,3,,魔多|半兽人,,,,,
wave1,狂暴兽人,484,半兽人纵火者,Orc Arsonist,敌人,,4823aae3-46ef-4a75-89f9-cbd3aa1b9062.jpg,3,,30,3,3,3,,3,,魔多|半兽人,,,,,
wave1,狂暴兽人,485,魔多的苦难,Scourge of Mordor,诡计,,4823aae3-46ef-4a75-89f9-cbd3aa1b9072.jpg,2,,,,,,,,,,,,,,
wave1,黑蛮地战士,486,登兰德族人,Dunland Tribesman,敌人,,c749f16f-1b34-48ce-ba8e-45f36b8b8229.jpg,2,,37,0,4,2,,3,,登兰德,,,,,
wave1,黑蛮地战士,487,登兰德酋长,Dunland Chieftain,敌人,,ceb5ede8-0acc-40b6-ac43-b9f1ff006d9e.jpg,2,,35,3,5,3,,6,,登兰德,,,,,
wave1,黑蛮地战士,488,登兰德狂战士,Dunland Berserker,敌人,,def7d5a8-3af5-428d-ac94-485c33388ff9.jpg,3,,25,2,2,1,,4,,登兰德,,,,,
wave1,黑蛮地战士,489,登兰德的野人,Wild Men of Dunland,诡计,,ef975c81-544a-4f1b-a3c4-d0bc42ef636c.jpg,2,,,,,,,,,,,,,,
wave1,迷雾山脉奥克,490,半兽人散兵,Orc Skirmisher,敌人,,ded946a7-99f0-42bf-92f6-a2c46ca64d98.jpg,3,,33,3,4,2,,4,,半兽人,,,,,
wave1,迷雾山脉奥克,491,半兽人猎手,Orc Hunter,敌人,,a835576b-6a6c-4407-8f40-0151b70f5902.jpg,3,,35,2,3,1,,3,,半兽人,,,,,
wave1,迷雾山脉奥克,492,半兽人猎犬,Orc Hound,敌人,,119cfabc-2cbf-4ffd-a25e-00ec140b8f26.jpg,2,,20,1,2,1,,2,,生物,,,,,
wave1,迷雾山脉奥克,493,半兽人狩猎会,Orc Hunting Party,诡计,,bc041e0b-dd7f-4b82-8eb0-d155b1b08398.jpg,2,,,,,,,,,,,,,,
wave1,逃离昂巴,494,昂巴警卫,Umbar Sentry,敌人,,a34ffb4e-c821-42aa-8dab-2914d274b3b1.jpg,5,,28,1,2,1,,3,,哈拉德,,,,涌现|箭术1,
wave1,哈拉德的敌人,495,南方的将军,Southron Captain,敌人,,486f9475-98e1-42d9-ac90-e6190545a5b9.jpg,1,,40,2,5,3,,6,,哈拉德,,,,,
wave1,哈拉德的敌人,496,南方的士兵,Southron Soldier,敌人,,6cfc4fa5-bbcc-4c99-82b7-bb6359d24750.jpg,3,,32,3,3,2,,5,,哈拉德,,,,,
wave1,哈拉德的敌人,497,南方的弓箭手,Southron Archer,敌人,,04a23a2e-a14f-4c54-b54f-eeef36d3a92b.jpg,4,,36,2,4,3,,4,,哈拉德,,,,箭术2,
wave1,魔多奥克,498,魔多的半兽人,Orc of Mordor,敌人,,7d9a3914-bc46-40d6-b489-3157d7430382.jpg,3,,28,1,3,1,,3,,半兽人,,,,涌现,
wave1,魔多奥克,499,史那加弓箭手,Snaga Archer,敌人,,194ceae6-a5e2-4a52-ba07-76e6c2611e8e.jpg,3,,44,2,4,2,,3,,半兽人|史那加,,,,箭术2,
wave1,魔多奥克,500,强兽人士兵,Uruk Soldier,敌人,,50f294ff-ee4b-4685-b7e1-86cd7f2e0a59.jpg,3,,38,3,5,2,,5,,半兽人|强兽人,,,,,
wave2,登兰德掠夺者,501,登兰德徘徊者,Dunland Prowler,敌人,,d80a5ca5-20d8-4c4b-814c-0c91bba40d43.jpg,3,,30,1,2,3,,3,,登兰德,,,,,
wave2,登兰德掠夺者,502,登兰德土匪,Dunlending Bandit,敌人,,8ab3701c-7814-403c-be93-21cdff4283ed.jpg,2,,33,2,1,2,,4,,登兰德,,,,,
wave2,登兰德掠夺者,503,登兰德突袭者,Dunland Raider,敌人,,7b491dcc-668a-431f-b0a1-ec2bf34840a7.jpg,2,,35,3,5,3,,5,,登兰德,,,,,
wave2,登兰德掠夺者,504,旧恨,Old Hatreds,诡计,,a0d5be90-8618-4fe4-a917-d8d969c11264.jpg,2,,,,,,,,,,,,,涌现,
wave2,安格玛兽人,505,安格马半兽人,Angmar Orc,敌人,,9d5d2136-f1e7-40fd-9a0f-fbac3c87f8f6.jpg,3,,25,2,2,3,,3,,半兽人,,,,,
wave2,安格玛兽人,506,安格马掠夺者,Angmar Marauder,敌人,,b2fcd022-5409-4a2f-9775-390d2c3ce7d2.jpg,3,,30,3,3,2,,4,,半兽人,,,,,
wave2,安格玛兽人,507,安格马统帅,Angmar Captain,敌人,,cc13ea34-ab19-474e-afe5-29c8651126d0.jpg,2,,35,3,5,2,,5,,半兽人,,,,,
wave2,安格玛兽人,508,半兽人伏击,Orc Ambush,支线探险,,e347f103-7444-4681-ae57-49c7b84dd3c0.jpg,1,4,,,,,,,,,10,,,,
wave2,被诅咒的亡者,509,亡者之主,Dead Lord,敌人,,aa6914e2-4b79-4a95-ab3e-386d6a924bee.jpg,2,,33,3,4,2,,3,,亡灵,,,,,
wave2,被诅咒的亡者,510,诅咒亡灵,Cursed Dead,敌人,,21fec323-3155-4b64-8506-fa87d44f01fc.jpg,5,,27,1,3,1,,2,,亡灵,,,,,
wave2,被诅咒的亡者,511,不倦的恶灵,Restless Evil,诡计,,123bc772-2c27-4f26-a7f2-a3c4928a9dc4.jpg,2,,,,,,,,,,,,,,
wave2,被诅咒的亡者,512,封锁墓穴,Seal the Tomb,支线探险,,7295a9fb-961f-42ad-b07d-33793e2f2274.jpg,1,6,,,,,,,,,10,,,涌现,
wave2,东方掠夺者,513,东方人掠夺者,Easterling Raider,敌人,,4befb4c8-e350-48ed-a7dd-ee803e2ca8d7.jpg,3,,28,2,2,2,,3,,东方人,,,,箭术1,
wave2,东方掠夺者,514,卢恩战士,Warrior of Rhûn,敌人,,aabc830a-4833-42cf-9b26-d8f2c5eb9658.jpg,3,,34,3,3,3,,4,,东方人,,,,,
wave2,东方掠夺者,515,卢恩之剑,Sword of Rhûn,诡计,,b897b63d-86ac-417c-88d2-1a594f3674f1.jpg,2,,,,,,,,,,,,,涌现,
wave2,东方掠夺者,516,反曲弓,Recurve Bow,诡计,,576b4f3c-add2-42b6-b78c-8a2e482290ae.jpg,2,,,,,,,,,,,,,涌现,
wave2,东方掠夺者,517,东方的战士,Warriors of the East,支线探险,,bbc72a18-cf4c-469f-bd01-6b1d3492c2ff.jpg,1,8,,,,,,,,,10,,,涌现,
wave2,戒灵,518,巫王,The Witch-king,敌人,,c5657436-d6c8-400d-ba1f-a723799ac685.jpg,1,,45,5,6,5,,9,,戒灵,,,,,
wave2,戒灵,519,魔戒幽灵,Ringwraith,敌人,,2d819f76-77dd-47a2-9a3f-ac8b8018f0df.jpg,4,,35,3,5,4,,5,,戒灵,,,,,
wave2,戒灵,520,苍白之刃,Pale Blade,诡计,,4b36df3f-d75b-4b3a-9324-9ab31c10d7b9.jpg,3,,,,,,,,,,,,,涌现,
wave2,戒灵,521,他们的武器是恐惧,Power In Their Terror,诡计,,4765cbea-5ae8-4e39-a811-a67f1f6ca2a0.jpg,3,,,,,,,,,,,,,,
wave2,圣盔谷,522,艾辛格士兵,Soldier of Isengard,敌人,,509f3e41-385c-4b84-ad28-7cc2eed8028c.jpg,4,,39,4,4,1,,4,,半兽人|强兽人,,,,强韧1|箭术1,
wave2,白手兽人,523,艾辛格强兽人,Isengard Uruk,敌人,,fed61900-b526-41e6-b072-9c5eae29bc77.jpg,3,,34,2,3,1,,4,,半兽人|强兽人,,,,险境|强韧1|箭术2,
wave2,白手兽人,524,强兽人斗士,Uruk-hai Fighter,敌人,,8345c4ad-4c5e-484d-bc6f-d1e4bc27805f.jpg,3,,29,3,3,2,,3,,半兽人|强兽人,,,,强韧2,
加拉德瑞尔的水镜,,525,可能的将来,THINGS THAT YET MAY BE,探险,1a,90cf1300-f996-4c3b-80fd-95bbe4a6ce2b.jpg,1,,,,,,,,,,,,,,
加拉德瑞尔的水镜,,526,可能的将来,THINGS THAT YET MAY BE,探险,1b,90cf1300-f996-4c3b-80fd-95bbe4a6ce2b.B.jpg,1,0,,,,,,,,,,,,,
加拉德瑞尔的水镜,,527,第一波,THE FIRST WAVE,探险,2a,8fdfc84e-0191-47ae-a655-98099bde97ac.jpg,1,,,,,,,,,,,,,,
加拉德瑞尔的水镜,,528,第一波,THE FIRST WAVE,探险,2b,8fdfc84e-0191-47ae-a655-98099bde97ac.B.jpg,1,X,,,,,,,,,,,,,
加拉德瑞尔的水镜,,529,第二波,THE SECOND WAVE,探险,3a,19f6d793-75d6-4606-9d2f-a1548dc466a5.jpg,1,,,,,,,,,,,,,,
加拉德瑞尔的水镜,,530,第二波,THE SECOND WAVE,探险,3b,19f6d793-75d6-4606-9d2f-a1548dc466a5.B.jpg,1,X,,,,,,,,,,,,,
加拉德瑞尔的水镜,,531,反派,THE VILLAIN,探险,4a,4402b31f-b5fe-4652-84b0-66c2c7cfeef1.jpg,1,,,,,,,,,,,,,,
加拉德瑞尔的水镜,,532,反派,THE VILLAIN,探险,4b,4402b31f-b5fe-4652-84b0-66c2c7cfeef1.B.jpg,1,X,,,,,,,,,,,,,
加拉德瑞尔的水镜,加拉德瑞尔的水镜,533,锁甲兵,RING-BOUND SOLDIERS,增益|盟友,,cdcb1ae3-aad0-4381-ab76-2d76e51ea490.jpg,1,,,,2,2,,3,1,第1级|战士,,,,警戒,0
加拉德瑞尔的水镜,加拉德瑞尔的水镜,534,偶遇,CHANCE MEETING,增益|附属,,2053f5c3-2eb1-46f8-8c7f-8592062c9907.jpg,2,,,,,,,,,第1级|天意,1,,,,0
加拉德瑞尔的水镜,加拉德瑞尔的水镜,534,一滴米茄沃,DROP OF MIRUVOR,增益|附属,,d1d93edf-db83-4a7b-ba93-01918aa1771f.jpg,5,,,,,,,,,第1级|物品,1,,,,0
加拉德瑞尔的水镜,加拉德瑞尔的水镜,536,瑁珑弓,MALLORN BOW,增益|附属,,2259a07b-dd41-4740-8a58-ea5df97d28ce.jpg,2,,,,,,,,,第1级|物品|武器,,,,,0
加拉德瑞尔的水镜,加拉德瑞尔的水镜,537,夫人的看重,THE LADY'S FAVOR,增益|附属,,bf7b7f5b-7f0d-4fd1-a68f-4b18803075d5.jpg,2,,,,,,,,,第1级|状态,,,,,0
加拉德瑞尔的水镜,加拉德瑞尔的水镜,538,新的联盟,A NEW ALLIANCE,增益|附属,,1db05659-9f86-4e90-8449-fca2021768d6.jpg,2,,,,,,,,,第2级|状态,,,,,0
加拉德瑞尔的水镜,加拉德瑞尔的水镜,539,一瓶米茄沃,Flask of Miruvor,增益|附属,,4c1ffd29-a2ef-4cd8-b218-aa21e91456a5.jpg,3,,,,,,,,,第2级|物品,1,,,,0
加拉德瑞尔的水镜,加拉德瑞尔的水镜,540,大鹰来啦！,EAGLES ARE COMING!,增益|附属,,05e4a989-96a2-4de7-bc58-41e3aedd498b.jpg,2,,,,,,,,,第2级|状态,1,,,,0
加拉德瑞尔的水镜,加拉德瑞尔的水镜,541,伊露维塔的意志,THE WILL OF ILÚVATAR,增益|附属,,3812b0c4-72ce-4524-a77d-250d63da903b.jpg,4,,,,,,,,,第2级|天意,,,,,0
加拉德瑞尔的水镜,加拉德瑞尔的水镜,542,治疗之师,WORD OF HEALING,增益|附属,,dc935a37-b2e1-44fb-9d56-126aeaa2f7dd.jpg,1,,,,,,,,,第2级|技能,1,,,,0
魔戒来到刚铎,魔戒来到刚铎,543,中洲防卫战,SIEGE OF MIDDLE-EARTH,目标,,04c66de9-68da-4698-8b21-303f786ac606.jpg,1,,,,,,,,,,,,,,
魔戒来到刚铎,魔戒来到刚铎,544,拉马斯城墙,WALLS OF RAMMAS,地区,,5c857dc7-a7ed-4f7c-81ff-8fef4e55fce3.jpg,3,,,2,,,2,,,米那斯提力斯|第0层|城墙,,,,,
魔戒来到刚铎,魔戒来到刚铎,545,白城大门,THE GREAT GATE,地区,,3b53f6a0-1120-4556-8ed6-b945f72fcfbc.jpg,1,,,4,,,4,,,独特|米那斯提力斯|第1层|城墙,10,,,,
魔戒来到刚铎,魔戒来到刚铎,546,老宾馆,Old Guesthouse,地区,,d196029c-8d02-4fbb-b0c5-8ea70c2c3655.jpg,2,,,3,,,2,,,米那斯提力斯|第2层|居所,,,,,
魔戒来到刚铎,魔戒来到刚铎,547,争夺中的庭院,Contested Courtyard,地区,,4b93244d-5dbf-4204-ada8-f99b026db168.jpg,2,,,2,,,4,,,米那斯提力斯|第3层|城市,,,,,
魔戒来到刚铎,魔戒来到刚铎,548,兵营,BARRACKS,地区,,92ed11e8-4b75-4bc5-a573-ff444f97fcb8.jpg,2,,,3,,,4,,,米那斯提力斯|第4层|居所,,,,,
魔戒来到刚铎,魔戒来到刚铎,549,哨塔,GUARD TOWER,地区,,0b18d8d3-fec1-4bac-aff0-fb5f968024ad.jpg,2,,,3,,,1,,,米那斯提力斯|第5层|防御工事,,,,,
魔戒来到刚铎,魔戒来到刚铎,550,城市马厩,City Stable,地区,,7960d077-a809-4a9b-9753-38b09d699a47.jpg,2,,,3,,,3,,,米那斯提力斯|第6层|居所,,,,,
魔戒来到刚铎,魔戒来到刚铎,551,埃克塞理安之塔,TOWER OF ECTHELION,地区,,31d88b69-5d99-4d32-b35e-13755060196f.jpg,1,,,4,,,5,,,米那斯提力斯|第7层|居所,,,,,
魔戒来到刚铎,魔戒来到刚铎,552,佩兰诺上空的阴云,Clouds Over Delennor,诡计,,dd7d6246-4255-448d-a540-769ab95cb758.jpg,2,,,,,,,,,,,,,厄运2,
魔戒来到刚铎,魔戒来到刚铎,553,后撤!,FALL BACK!,诡计,,5a4a3606-3225-419c-b917-8efc13cd18fe.jpg,3,,,,,,,,,,,,,涌现,
魔戒来到刚铎,魔戒来到刚铎,554,坚守全城！,Man Every Wall!,诡计,,3634dd06-669f-4586-9170-3b75bb878362.jpg,2,,,,,,,,,,,,,厄运2,
魔戒来到刚铎,魔戒来到刚铎,555,薄弱点,WEAK SPOT,诡计,,6888aee1-289f-4bab-818f-58466b26b524.jpg,2,,,,,,,,,,,,,,
黑暗魔君的召唤,黑暗魔君的召唤,556,索隆,SAURON,诡计,,3ae15461-6312-4a2f-bd1a-0a38c60af46f.jpg,1,,50,10,10,10,,X,,迈雅|反派,100,,,,
黑暗魔君的召唤,黑暗魔君的召唤,557,统御余众，魔戒至尊,ONE RING TO RULE THEM ALL.,诡计,,f1183b67-1d23-47f8-8484-316cd39bcf12.jpg,2,,,,,,,,,,,,,,
黑暗魔君的召唤,黑暗魔君的召唤,558,魔戒之主,THE LORD OF THE RINGS,诡计,,bac7266e-0c03-4a60-abac-28d8abb69f5a.jpg,2,,,,,,,,,,,,,,
黑暗魔君的召唤,黑暗魔君的召唤,559,第二次黑暗,THE SECOND DARKNESS,诡计,,fafedb6f-d487-46c5-b3f1-969709608d99.jpg,2,,,,,,,,,,,,,,
黑暗魔君的召唤,黑暗魔君的召唤,560,献给黑暗魔君的贡品,TRIBUTE TO THE DARK LORD,诡计,,fafedb6f-d487-46c5-b3f1-969709608d99.jpg.jpg,2,,,,,,,,,冒险|刚铎,,,,,
加拉德瑞尔的水镜,加拉德瑞尔的水镜,561,魔戒来到刚铎,THE RING COMES TO GONDOR,目标,,903ba12b-eb2f-4c87-a7e0-0524c7fd366b.jpg,1,,,,,,,,,冒险|刚铎,,,,,
加拉德瑞尔的水镜,加拉德瑞尔的水镜,562,魔戒来到刚铎,THE RING COMES TO GONDOR,目标,,903ba12b-eb2f-4c87-a7e0-0524c7fd366b.B.jpg,1,,,,,,,,,,,,,,
加拉德瑞尔的水镜,加拉德瑞尔的水镜,563,黑森林的敌人,MIRKWOOD FOES,目标,,d3cd4643-7d43-4776-9273-6b7e57423c51.jpg,1,,,,,,,,,第1波,,,,,
加拉德瑞尔的水镜,加拉德瑞尔的水镜,564,森林指挥官,COMMANDER OF THE FOREST,诡计,,d3cd4643-7d43-4776-9273-6b7e57423c51.B.jpg,1,,,,,,,,,独有|第1波,,,,,
加拉德瑞尔的水镜,加拉德瑞尔的水镜,565,半兽人抢劫者,PLUNDERING GOBLINS,目标,,c2751164-4bb4-4ffd-a751-e1d4130c030b.jpg,1,,,,,,,,,第1波,,,,,
加拉德瑞尔的水镜,加拉德瑞尔的水镜,566,阿鲁克·莱茵,ARÛK RHAÍN,敌人,,c2751164-4bb4-4ffd-a751-e1d4130c030b.B.jpg,1,,50,2,4,4,,X,,独有|第1波|奥克|指挥官,5,,,,
加拉德瑞尔的水镜,加拉德瑞尔的水镜,567,匪徒,BRIGANDS,目标,,e5652c72-7913-4234-8e74-3ea439426ce3.jpg,1,,,,,,,,,第1波,,,,,
加拉德瑞尔的水镜,加拉德瑞尔的水镜,568,托西亚·斯塔诺米尔,TORSEA STANOMIR,敌人,,e5652c72-7913-4234-8e74-3ea439426ce3.B.jpg,1,,50,2,4,4,,X,,独有|第1波|匪徒|指挥官,5,,,,
加拉德瑞尔的水镜,加拉德瑞尔的水镜,569,奥克破坏者,RAVAGING ORCS,目标,,99880e0a-c1ec-4134-9a79-ec3e1f74d328.jpg,1,,,,,,,,,第1波,,,,,
加拉德瑞尔的水镜,加拉德瑞尔的水镜,570,奥克统帅萨尔托德,"SALTOD, ORC CAPTAIN",敌人,,99880e0a-c1ec-4134-9a79-ec3e1f74d328.B.jpg,1,,50,2,4,4,,X,,独有|第1波|奥克|指挥官,5,,,,
加拉德瑞尔的水镜,加拉德瑞尔的水镜,571,迷雾山脉奥克,MISTY MOUNTAIN ORCS,目标,,46b48477-0243-462f-a03b-8ac9f2e2d46d.jpg,1,,,,,,,,,第1波,,,,,
加拉德瑞尔的水镜,加拉德瑞尔的水镜,572,低语猎手扎卡,"ZACA, HUNTER OF WHISPERS",敌人,,46b48477-0243-462f-a03b-8ac9f2e2d46d.B.jpg,1,,50,2,4,4,,X,,独有|第1波|奥克|指挥官,5,,,,
加拉德瑞尔的水镜,加拉德瑞尔的水镜,573,黑蛮地战士,DUNLAND WARRIORS,目标,,29126d42-4807-420f-bd11-7d37226cb05c.jpg,1,,,,,,,,,第1波,,,,,
加拉德瑞尔的水镜,加拉德瑞尔的水镜,574,野鹿氏族创立者沙鲁,"THARU, DEER CLAN FOUNDER",敌人,,29126d42-4807-420f-bd11-7d37226cb05c.B.jpg,1,,50,2,4,4,,X,,独有|第1波|黑蛮地|指挥官,5,,,,
加拉德瑞尔的水镜,加拉德瑞尔的水镜,575,哈拉德的敌人,HARAD FOES,目标,,a5febde1-76bf-4346-8a9b-02f678ed9b7a.jpg,1,,,,,,,,,第1波,,,,,
加拉德瑞尔的水镜,加拉德瑞尔的水镜,576,南蛮子勇士,THE SOUTHRON CHAMPION,敌人,,a5febde1-76bf-4346-8a9b-02f678ed9b7a.B.jpg,1,,50,2,4,4,,X,,独有|第1波|哈拉德|指挥官,5,,,,
加拉德瑞尔的水镜,加拉德瑞尔的水镜,577,荒野生物,WILD CREATURES,目标,,b4dc28ab-896c-4f0d-9715-9c0d426971fd.jpg,1,,,,,,,,,第1波,,,,,
加拉德瑞尔的水镜,加拉德瑞尔的水镜,578,希洛布的子嗣,SHELOB'S SPAWN,敌人,,b4dc28ab-896c-4f0d-9715-9c0d426971fd.B.jpg,1,,50,2,4,4,,X,,独有|第1波|生物|指挥官,5,,,,
加拉德瑞尔的水镜,加拉德瑞尔的水镜,579,黑蛮地人战士,DUNLENDING WARRIORS,目标,,507cadb8-e369-47c2-aa58-85ecab9de5f9.jpg,1,,,,,,,,,第1波,,,,,
加拉德瑞尔的水镜,加拉德瑞尔的水镜,580, 鸟披风,THE BIRD MANTLE,诡计,,507cadb8-e369-47c2-aa58-85ecab9de5f9.B.jpg,1,,,,,,,,,独有|第1波,,,,,
加拉德瑞尔的水镜,加拉德瑞尔的水镜,581,魔多奥克,ORCS OF MORDOR,目标,,d9e9dd99-2201-4159-a8e7-e94722b7354a.jpg,1,,,,,,,,,第1波,,,,,
加拉德瑞尔的水镜,加拉德瑞尔的水镜,582,希鲁恩首领,CHIEFTAIN SHELLÜN,敌人,,d9e9dd99-2201-4159-a8e7-e94722b7354a.B.jpg,1,,50,2,4,4,,X,,独有|第1波|奥克|指挥官,5,,,,
加拉德瑞尔的水镜,加拉德瑞尔的水镜,583,狼教,WOLF-CULT,目标,,aa33529c-a02f-486c-88cb-d559e96939c0.jpg,1,,,,,,,,,第1波,,,,,
加拉德瑞尔的水镜,加拉德瑞尔的水镜,584,斯泷·狼爪,SALONE WOLF-CLAW,敌人,,aa33529c-a02f-486c-88cb-d559e96939c0.B.jpg,1,,50,2,4,4,,X,,独有|第1波|狼教|指挥官,5,,,,
加拉德瑞尔的水镜,加拉德瑞尔的水镜,585,黑蛮地掠夺者,DUNLAND RAIDERS,目标,,0fb6fdc3-d89a-4e66-8de6-58c476a4bbbe.jpg,1,,,,,,,,,第2波,,,,,
加拉德瑞尔的水镜,加拉德瑞尔的水镜,586,图尔克酋长,CHIEF TURCH,敌人,,0fb6fdc3-d89a-4e66-8de6-58c476a4bbbe.B.jpg,1,,50,3,6,4,,X,,独有|第2波|黑蛮地|指挥官,10,,,,
加拉德瑞尔的水镜,加拉德瑞尔的水镜,587,安格玛奥克,ANGMAR ORCS,目标,,1f090b0a-0694-4d37-b623-057282fa77f7.jpg,1,,,,,,,,,第2波,,,,,
加拉德瑞尔的水镜,加拉德瑞尔的水镜,588,裂肤者格里普斯沃奇,GRÍDSWATCH THE FLAYER,敌人,,1f090b0a-0694-4d37-b623-057282fa77f7.B.jpg,1,,50,4,6,4,,X,,独有|第2波|奥克|指挥官,10,,,,
加拉德瑞尔的水镜,加拉德瑞尔的水镜,589,被诅咒的死者,CURSED DEAD,目标,,e29d938e-b6d1-42b6-a442-b02078dce72e.jpg,1,,,,,,,,,第2波,,,,,
加拉德瑞尔的水镜,加拉德瑞尔的水镜,590,恐惧墓穴领主,DREADED GRAVELORD,敌人,,e29d938e-b6d1-42b6-a442-b02078dce72e.B.jpg,1,,50,4,6,4,,X,,独有|第2波|亡灵|指挥官,10,,,,
加拉德瑞尔的水镜,加拉德瑞尔的水镜,591,海盗掠夺者,CORSAIR RAIDERS,目标,,a970a85e-871f-434b-baab-2ba7b7108e73.jpg,1,,,,,,,,,第2波,,,,,
加拉德瑞尔的水镜,加拉德瑞尔的水镜,592,掠夺者指挥官,RAIDER COMMANDER,诡计,,a970a85e-871f-434b-baab-2ba7b7108e73.B.jpg,1,,,,,,,,,独有|第2波,,,,,
加拉德瑞尔的水镜,加拉德瑞尔的水镜,593,溺水的死者,DROWNED DEAD,目标,,45305735-80aa-41b2-9210-c46343f12b72.jpg,1,,,,,,,,,第2波,,,,,
加拉德瑞尔的水镜,加拉德瑞尔的水镜,594,溺水的国王,THE DROWNED KING,敌人,,45305735-80aa-41b2-9210-c46343f12b72.B.jpg,1,,50,4,6,4,,X,,独有|第2波|亡灵|指挥官,10,,,,
加拉德瑞尔的水镜,加拉德瑞尔的水镜,595,东夷掠夺者,EASTERLING RAIDERS,目标,,de75ffe9-b991-441b-941c-90b390861fa1.jpg,1,,,,,,,,,第2波,,,,,
加拉德瑞尔的水镜,加拉德瑞尔的水镜,596,德米特里克·奥斯玛,DEMITRIK OSMAR,敌人,,de75ffe9-b991-441b-941c-90b390861fa1.B.jpg,1,,50,4,6,4,,X,,独有|第2波|东夷|指挥官,10,,,,
加拉德瑞尔的水镜,加拉德瑞尔的水镜,597,那兹古尔,THE NAZGÛL,目标,,31114e8b-dd77-429c-98e1-3176bb2f85c3.jpg,1,,,,,,,,,独有|第2波,,,,,
加拉德瑞尔的水镜,加拉德瑞尔的水镜,598,铁王冠,STEEL CROWN,诡计,,31114e8b-dd77-429c-98e1-3176bb2f85c3.B.jpg,1,,,,,,,,,第2波,,,,,
加拉德瑞尔的水镜,加拉德瑞尔的水镜,599,乌鲁克族的敌人,URUK-HAI FOES,目标,,8d36b720-b2da-4971-b3ee-c1b7ca3fbc7a.jpg,1,,,,,,,,,第2波,,,,,
加拉德瑞尔的水镜,加拉德瑞尔的水镜,600,乌鲁克族指挥官,URUK-HAI COMMANDER,诡计,,8d36b720-b2da-4971-b3ee-c1b7ca3fbc7a.B.jpg,1,,,,,,,,,独有|第2波,,,,,
加拉德瑞尔的水镜,加拉德瑞尔的水镜,601,奥克大军,ORC-HOST,目标,,ed0f0296-edb2-4ef1-9ebb-33ba3736d25e.jpg,1,,,,,,,,,第2波,,,,,
加拉德瑞尔的水镜,加拉德瑞尔的水镜,602,饮马血者安祖,"ANZU, HORSE-BLOOD DRINKER",敌人,,ed0f0296-edb2-4ef1-9ebb-33ba3736d25e.B.jpg,1,,50,4,6,4,,X,,独有|第2波|奥克|指挥官,10,,,,
加拉德瑞尔的水镜,加拉德瑞尔的水镜,603,狼,WOLVES,目标,,28c9e68a-a5c3-4048-be61-888aeab9088b.jpg,1,,,,,,,,,第2波,,,,,
加拉德瑞尔的水镜,加拉德瑞尔的水镜,604,幽暗阴狼,DARKLING DOUR-WOLF,诡计,,28c9e68a-a5c3-4048-be61-888aeab9088b.B.jpg,1,,,,,,,,,独有|第2波,,,,,
加拉德瑞尔的水镜,加拉德瑞尔的水镜,605,恶棍,RUFFIANS,目标,,bd97c498-3046-4bc8-aadf-decf2fef4d9a.jpg,1,,,,,,,,,第2波,,,,,
加拉德瑞尔的水镜,加拉德瑞尔的水镜,606,狂热暴徒珀普·刘易斯,"DERD LEWIS, ARDENT THUG",敌人,,bd97c498-3046-4bc8-aadf-decf2fef4d9a.B.jpg,1,,50,4,6,4,,X,,独有|第2波|匪徒|指挥官,10,,,,
加拉德瑞尔的水镜,加拉德瑞尔的水镜,607,黑暗魔君的召唤,THE DARK LORD BECKONS,目标,,2119b5c9-4dc4-429a-a869-736a8eed3705.jpg,1,,,,,,,,,反派,,,,,
加拉德瑞尔的水镜,加拉德瑞尔的水镜,608,黑暗魔君的召唤,THE DARK LORD BECKONS,目标,,2119b5c9-4dc4-429a-a869-736a8eed3705.B.jpg,1,,,,,,,,,反派,,,,,
加拉德瑞尔的水镜,加拉德瑞尔的水镜,609,至尊戒,THE ONE RING,目标,,f6921269-e3c3-4559-8de4-b6ffe5b75ddb.jpg,1,,,,,,,,,宝物|戒指|引诱,,,,,
加拉德瑞尔的水镜,加拉德瑞尔的水镜,610,至尊戒,THE ONE RING,目标,THE ONE RING,f6921269-e3c3-4559-8de4-b6ffe5b75ddb.B.jpg,1,,,,,,,,,宝物|戒指|取回,,,,,